1427600001,1923.0,2833.0,2.2,0.6
1427600002,1933.9,2830.3,2.3,0.8
1427600003,1938.2,2832.8,2.4,1.0
1427600004,1928.2,2832.0,2.6,1.1
1427600005,2207.1,3119.0,1.7,1.2
1427600006,4220.7,5165.0,1.8,1.4
1427600007,2799.1,3737.6,1.9,1.5
1427600008,2788.3,3716.8,2.0,0.6
1427600009,2702.7,3637.3,2.1,0.8
1427600010,2717.5,3642.8,2.3,0.9
1427600011,2724.7,3658.5,2.4,1.1
1427600013,2763.8,3692.9,1.7,1.5
1427600014,2776.1,3704.5,1.9,1.6
1427600015,2783.5,3712.3,2.0,0.8
1427600016,2792.1,3722.0,2.1,1.0
1427600017,2798.3,3731.7,2.3,1.0
1427600018,2796.0,3737.5,2.4,1.1
1427600019,2810.7,3746.8,2.5,1.2
1427600020,2808.8,3752.4,1.7,1.4
1427600021,2821.8,3758.9,1.8,1.5
1427600022,2829.0,3763.8,1.9,0.7
1427600023,2832.3,3768.3,2.0,0.9
1427600024,2844.2,3773.4,2.1,1.0
1427600025,2850.7,3778.5,2.3,1.0
1427600026,2839.6,3779.9,2.4,1.1
1427600027,2848.0,3785.5,2.5,1.2
1427600028,2855.4,3789.1,2.6,1.4
1427600029,2860.7,3793.5,1.6,1.6
1427600030,2856.5,3798.4,1.8,0.7
1427600031,2857.8,3801.0,1.9,0.8
1427600032,2869.0,3808.1,2.0,1.0
1427600033,2875.9,3811.0,2.1,1.2
1427600034,2874.2,3815.5,2.3,1.5
1427600035,2877.0,3817.6,2.4,1.6
1427600036,2882.3,3822.8,2.5,0.8
1427600038,2894.6,3832.6,1.8,1.0
1427600039,2904.2,3834.9,1.9,1.1
1427600040,2921.3,3841.3,1.9,1.3
1427600041,2912.8,3845.2,2.0,1.4
1427600042,2917.0,3852.0,2.1,1.6
1427600043,2917.3,3854.7,2.3,0.8
1427600044,2925.0,3863.0,2.5,0.9
1427600045,2930.9,3868.1,2.6,1.1
1427600046,2933.7,3876.8,1.7,1.3
1427600047,2940.7,3880.0,1.9,1.4
1427600048,2944.0,3884.2,2.0,1.5
1427600049,2942.4,3891.7,2.1,0.7
1427600050,2970.1,3888.3,2.2,0.9
1427600051,2972.8,3888.3,2.4,1.0
1427600052,2971.3,3893.3,2.5,1.1
1427600053,2974.0,3891.7,2.6,1.3
1427600054,2974.8,3894.6,1.8,1.3
1427600055,2974.7,3897.3,1.9,1.5
1427600056,2970.8,3904.9,2.1,1.5
1427600057,2976.0,3906.5,2.3,0.7
1427600058,2977.7,3911.2,2.4,0.8
1427600059,2988.7,3915.3,2.5,1.0
1427600060,2994.4,3917.1,1.6,1.1
1427600061,2993.6,3920.5,1.7,1.3
1427600062,2985.2,3917.6,1.8,1.5
1427600063,2981.7,3922.4,2.0,1.7
1427600064,3002.7,3924.2,2.0,0.8
1427600065,2992.2,3927.9,2.2,0.9
1427600066,2990.7,3930.8,2.3,1.0
1427600067,2991.9,3935.7,2.4,1.1
1427600068,2999.8,3935.4,2.6,1.2
1427600070,3009.4,3944.8,1.8,1.6
1427600071,3010.1,3953.4,1.9,0.7
1427600072,3017.8,3962.0,2.0,0.8
1427600073,3041.2,3974.5,2.0,0.9
1427600074,3063.4,3991.4,2.2,1.0
1427600075,3069.2,4003.8,2.3,1.2
1427600076,3080.4,4014.6,2.4,1.3
1427600077,3087.8,4029.5,2.5,1.5
1427600078,3108.4,4038.3,2.6,0.6
1427600079,3104.4,4049.3,1.7,0.9
1427600080,3101.8,4048.4,1.8,1.0
1427600081,3111.2,4046.9,1.8,1.1
1427600082,3110.4,4048.3,2.1,1.3
1427600083,3111.0,4053.1,2.1,1.5
1427600084,3110.3,4049.0,2.3,1.7
1427600085,3110.3,4052.9,2.4,0.8
1427600086,3114.1,4050.4,2.6,1.1
1427600087,3107.5,4050.6,1.7,1.2
1427600088,3119.8,4053.4,1.9,1.3
1427600089,3111.8,4050.9,2.0,1.4
1427600090,3107.4,4049.8,2.2,1.6
1427600091,3108.9,4047.5,2.3,0.8
1427600092,3104.1,4047.6,2.3,1.0
1427600093,3123.0,4046.0,2.4,1.1
1427600094,3121.1,4048.0,2.6,1.2
1427600095,3121.7,4048.3,1.6,1.5
1427600096,3109.2,4049.4,1.6,1.6
1427600097,3110.8,4050.0,1.8,0.8
1427600098,3115.7,4050.4,1.8,0.9
1427600099,3132.7,4051.6,1.9,1.1
1427600100,3109.6,4050.7,2.1,1.2
1427600101,3119.8,4052.5,2.2,1.3
1427600102,3114.0,4053.8,2.3,1.5
1427600103,3117.7,4053.4,2.5,1.7
1427600104,3116.0,4053.8,2.6,0.9
1427600105,3118.1,4061.6,1.7,1.0
1427600106,3116.7,4057.6,1.8,1.3
1427600107,3119.6,4057.7,2.0,1.3
1427600108,3118.0,4059.0,2.1,1.5
1427600109,3120.2,4061.2,2.2,0.7
1427600110,3124.7,4060.5,2.3,0.8
1427600112,3114.7,4055.3,2.5,0.9
1427600113,3108.2,4052.8,2.6,1.1
1427600114,3122.1,4049.3,1.8,1.2
1427600115,3110.0,4052.1,1.9,1.5
1427600116,3112.5,4051.2,2.0,1.6
1427600117,3121.7,4052.8,2.2,0.9
1427600118,3111.4,4052.2,2.2,1.1
1427600119,3131.3,4053.8,2.4,1.3
1427600120,3131.0,4054.7,2.5,1.4
1427600121,3116.1,4056.2,1.6,1.6
1427600122,3128.7,4058.1,1.6,0.9
1427600123,3121.8,4063.4,1.7,1.0
1427600124,3130.5,4063.2,1.8,1.2
1427600125,3127.3,4064.1,2.0,1.4
1427600126,3138.6,4063.7,2.0,1.6
1427600127,3130.5,4062.5,2.2,0.8
1427600128,3126.2,4063.1,2.2,1.0
1427600129,3126.2,4062.8,2.3,1.1
1427600130,3131.3,4061.5,2.4,1.3
1427600131,3122.6,4061.9,2.5,1.4
1427600132,3123.4,4059.5,1.7,1.5
1427600133,3123.2,4058.9,1.8,0.7
1427600134,3121.7,4059.3,1.9,0.9
1427600135,3116.8,4059.3,2.1,1.0
1427600136,3119.8,4060.0,2.3,1.3
1427600137,3118.3,4055.9,2.4,1.4
1427600138,3120.6,4059.1,2.5,1.6
1427600139,3120.6,4057.9,1.7,0.7
1427600140,3124.4,4062.2,1.8,0.8
1427600141,3124.0,4062.2,2.0,1.1
1427600142,3123.6,4065.2,2.1,1.2
1427600143,3122.3,4063.2,2.3,1.4
1427600144,3130.3,4066.9,2.5,1.5
1427600145,3123.6,4063.6,2.6,0.7
1427600146,3126.9,4069.5,1.6,0.9
1427600147,3125.3,4069.0,1.8,1.1
1427600149,3126.0,4061.5,2.1,1.3
1427600150,3126.0,4064.9,2.2,1.4
1427600151,3127.8,4062.8,2.3,1.6
1427600152,3125.3,4064.4,2.4,0.7
1427600153,3131.1,4065.1,2.5,1.0
1427600154,3135.7,4062.8,1.6,1.2
1427600155,3135.2,4062.7,1.8,1.4
1427600156,3129.7,4059.9,1.9,1.5
1427600157,3123.1,4062.3,2.0,0.6
1427600158,3121.2,4063.1,2.1,0.8
1427600159,3128.9,4061.7,2.2,0.9
1427600160,3127.3,4063.8,2.4,1.1
1427600161,3128.3,4065.7,2.5,1.3
1427600162,3117.3,4066.1,2.6,1.4
1427600163,3124.9,4064.4,1.7,1.6
1427600164,3130.9,4066.3,1.8,0.8
1427600165,3126.2,4061.7,1.9,1.0
1427600166,3141.6,4059.4,2.1,1.1
1427600167,3127.0,4064.9,2.1,1.2
1427600168,3126.9,4066.4,2.3,1.4
1427600169,3125.5,4071.3,2.5,1.6
1427600170,3122.4,4068.6,2.5,0.8
1427600171,3130.5,4071.1,1.6,0.9
1427600172,3126.2,4066.8,1.7,1.0
1427600173,3134.4,4069.1,1.9,1.2
1427600174,3149.8,4064.3,2.0,1.5
1427600175,3147.5,4065.2,2.0,1.6
1427600176,3148.7,4069.1,2.1,0.7
1427600177,3143.3,4064.6,2.2,0.9
1427600178,3135.1,4063.4,2.3,1.1
1427600179,3125.8,4065.9,2.4,1.2
1427600180,3123.2,4064.5,2.6,1.4
1427600181,3138.2,4065.5,1.7,1.7
1427600182,3140.6,4067.3,1.8,0.9
1427600183,3142.1,4064.5,1.8,1.0
1427600184,3127.6,4062.6,2.1,1.2
1427600185,3126.4,4062.2,2.2,1.3
1427600187,3122.2,4061.2,2.4,0.7
1427600188,3128.9,4064.2,2.6,0.9
1427600189,3128.1,4061.3,1.6,1.1
1427600190,3122.4,4065.4,1.8,1.3
1427600191,3126.4,4063.8,2.0,1.4
1427600192,3145.3,4062.8,2.1,1.7
1427600193,3149.7,4061.2,2.2,0.9
1427600194,3153.6,4009.1,2.3,1.1
1427600195,3135.6,3962.4,2.3,1.4
1427600196,3130.7,3963.5,2.3,1.8
1427600197,3398.4,3962.1,2.3,1.1
1427600198,3463.8,3965.7,2.3,1.4
1427600199,5002.8,3965.8,2.5,1.7
1427600201,4999.3,3965.7,2.5,1.3
1427600202,4991.8,3965.5,1.6,1.7
1427600203,4990.5,3964.8,1.7,1.0
1427600204,5002.2,3966.6,1.7,1.3
1427600205,5004.3,3966.3,1.7,1.5
1427600206,5023.0,3966.0,1.7,0.9
1427600207,5003.4,3966.4,1.8,1.2
1427600208,4997.2,3967.6,1.9,1.5
1427600209,5003.8,3965.0,2.0,1.8
1427600210,5002.5,3964.8,2.0,1.1
1427600211,4997.9,3967.7,2.1,1.4
1427600212,4980.7,3967.2,2.1,1.8
1427600213,4983.7,3968.0,2.1,1.1
1427600214,5001.5,3968.7,2.2,1.4
1427600215,5020.0,3965.3,2.2,1.7
1427600216,5015.9,3964.4,2.2,1.1
1427600217,4995.9,3966.6,2.2,1.4
1427600218,5483.8,3963.3,2.0,1.9
1427600219,5285.8,3967.1,2.0,1.3
1427600220,5093.0,3966.9,2.0,1.5
1427600221,5082.8,3969.7,2.1,1.8
1427600222,5058.6,3969.1,2.1,1.0
1427600223,5065.8,3968.8,2.2,1.3
1427600224,5087.9,3967.2,2.2,1.6
1427600225,5075.1,3969.3,2.3,0.8
1427600226,5087.7,3968.2,2.3,1.1
1427600227,5077.7,3972.3,2.3,1.5
1427600228,5083.7,3973.0,2.3,1.9
1427600229,5088.0,3972.8,2.4,1.2
1427600230,5085.8,3975.5,2.4,1.6
1427600232,5059.9,3978.9,2.4,1.3
1427600233,5067.1,3977.5,2.4,1.7
1427600234,5086.2,3982.1,2.5,1.0
1427600235,5090.4,3973.7,2.5,1.2
1427600236,5079.0,3972.6,2.5,1.5
1427600237,5076.4,3972.6,1.5,0.8
1427600238,5076.7,3972.2,1.5,1.1
1427600239,5094.9,3974.0,1.5,1.4
1427600240,5089.2,3978.8,1.6,1.7
1427600241,5079.0,3978.0,1.6,1.1
1427600242,5065.5,3973.8,1.6,1.3
1427600243,5065.2,3970.3,1.6,1.6
1427600244,5091.7,3974.4,1.6,1.0
1427600245,5087.6,3975.7,1.6,1.4
1427600246,5090.1,3975.6,1.6,1.7
1427600247,5084.2,3973.7,1.6,1.0
1427600248,5091.7,3979.2,1.6,1.3
1427600249,5100.3,3976.7,1.5,1.6
1427600250,5096.0,3972.4,1.6,0.9
1427600251,5084.5,3971.7,1.6,1.2
1427600252,5051.2,3972.0,1.6,1.6
1427600254,5062.6,3969.8,1.7,1.4
1427600255,5063.1,3967.1,1.7,1.7
1427600256,4898.4,3970.0,1.7,1.1
1427600257,3225.0,3966.9,1.8,1.5
1427600258,3236.2,3967.7,1.6,1.8
1427600259,3214.7,3967.9,1.7,1.2
1427600260,3219.8,3969.4,1.7,1.6
1427600261,3371.9,3968.2,1.6,0.9
1427600262,4153.2,3968.8,1.7,1.2
1427600263,5092.3,3972.8,1.7,1.4
1427600264,5078.9,3971.5,1.7,1.8
1427600265,5045.3,3972.3,1.7,1.2
1427600266,5035.7,3973.1,1.8,1.5
1427600267,5043.7,3973.2,1.8,1.9
1427600268,5064.9,3973.4,1.9,1.2
1427600269,5075.4,3972.7,1.9,1.5
1427600270,5050.9,3970.9,1.9,0.8
1427600271,5040.4,3968.9,2.0,1.3
1427600272,5061.8,3968.8,2.0,1.6
1427600273,5056.3,3969.7,2.1,1.0
1427600274,5060.1,3969.7,2.0,1.4
1427600275,5041.3,3968.3,2.1,1.8
1427600276,5029.4,3968.3,2.1,1.1
1427600277,5043.1,3968.7,2.2,1.4
1427600278,5055.7,3965.6,2.2,1.7
1427600279,5052.4,3968.5,2.3,1.1
1427600280,5042.6,3966.8,2.3,1.4
1427600281,5021.9,3968.7,2.3,1.7
1427600282,5035.1,3968.5,2.3,1.0
1427600283,5061.1,3970.2,2.3,1.5
1427600284,5065.0,3972.0,2.3,1.8
1427600285,5046.3,3973.1,2.3,1.0
1427600286,5014.8,3970.8,2.3,1.4
1427600287,5048.4,3977.5,2.3,1.8
1427600288,5055.5,3985.2,2.4,1.1
1427600289,5060.6,4179.7,2.4,1.4
1427600290,5054.8,4206.6,2.3,1.8
1427600291,5043.3,4212.9,2.3,1.1
1427600292,5057.5,4221.7,2.4,1.4
1427600293,5046.0,4221.8,2.4,1.8
1427600294,5054.1,4218.6,2.4,1.2
1427600295,5039.4,4217.5,2.5,1.6
1427600297,5039.7,4215.0,2.5,1.3
1427600298,5040.8,4213.7,2.4,1.6
1427600299,5041.8,4211.3,2.4,0.9
1427600300,5028.5,4212.9,2.5,1.2
1427600301,5019.2,4216.2,1.5,1.5
1427600302,5021.9,4241.0,1.5,0.9
1427600303,5031.5,4221.0,2.5,1.1
1427600304,5044.9,4169.5,2.5,1.4
1427600305,3559.0,4122.1,2.5,1.8
1427600306,3256.3,4116.9,2.5,1.1
1427600307,3234.1,4112.4,1.5,1.6
1427600308,3385.1,4111.8,1.5,0.9
1427600309,4420.9,4103.9,2.5,1.3
1427600310,5020.7,4103.2,2.5,1.6
1427600311,5021.6,4100.6,1.6,0.9
1427600312,5020.2,4098.3,1.6,1.3
1427600313,5019.6,4096.6,1.5,1.7
1427600314,5005.8,4100.5,1.6,0.9
1427600315,5000.3,4100.1,1.5,1.3
1427600316,5018.5,4102.2,1.5,1.6
1427600317,5017.6,4098.2,1.7,1.1
1427600318,5014.4,4098.8,1.6,1.4
1427600319,4990.2,4098.0,1.6,1.7
1427600320,4999.4,4097.9,1.7,1.1
1427600321,5007.0,4097.6,1.6,1.5
1427600322,5026.3,4096.2,1.6,1.8
1427600323,5011.9,4097.3,1.6,1.1
1427600324,4993.3,4094.7,1.6,1.5
1427600325,5002.5,4094.8,1.6,0.9
1427600326,4141.5,4093.2,1.5,1.2
1427600327,3241.6,4093.0,1.5,1.6
1427600328,3240.8,4090.8,1.6,1.0
1427600329,3243.1,4090.9,1.6,1.4
1427600330,3244.7,4090.5,1.6,1.8
1427600331,3239.8,4092.1,1.6,1.2
1427600332,3244.9,4090.7,1.7,1.6
1427600333,3247.5,4089.3,1.7,0.9
1427600334,3254.2,4094.0,1.6,1.4
1427600335,3255.8,4096.3,1.7,1.7
1427600337,3221.3,4095.3,1.8,1.4
1427600338,3228.0,4095.7,1.7,1.8
1427600339,3224.2,4094.9,1.7,1.1
1427600340,3217.8,4093.7,1.7,1.5
1427600341,3218.6,4091.8,1.6,0.9
1427600342,3225.3,4093.0,1.6,1.3
1427600343,3227.0,4091.8,1.6,1.7
1427600344,3225.1,4097.1,1.6,1.0
1427600345,3219.3,4103.9,1.6,1.3
1427600346,3222.1,4110.9,1.6,1.6
1427600347,3225.3,4111.1,1.5,1.0
1427600348,3225.4,4112.7,1.6,1.4
1427600349,3218.8,4102.4,1.5,1.7
1427600350,3226.6,4097.9,1.5,1.0
1427600351,3227.8,4107.5,1.5,1.3
1427600352,3219.0,4097.8,1.5,1.7
1427600353,3221.2,4106.7,1.5,1.1
1427600354,3224.8,4096.5,1.6,1.5
1427600355,3225.3,4100.2,1.5,1.8
1427600356,3224.7,4099.6,1.5,1.1
1427600357,3224.2,4095.8,1.5,1.5
1427600358,3231.2,4100.1,2.5,1.9
1427600359,3228.8,4098.5,2.4,1.2
1427600361,3233.1,4101.1,2.3,0.9
1427600362,3222.8,4100.0,2.4,1.3
1427600363,3223.0,4100.0,2.4,1.6
1427600364,3222.8,4101.8,2.4,0.9
1427600365,3225.1,4106.0,2.4,1.3
1427600366,3222.5,4107.7,2.4,1.6
1427600367,3221.2,4109.3,2.4,1.0
1427600368,3225.6,4116.5,2.4,1.4
1427600369,3225.9,4122.6,2.4,1.7
1427600370,3225.9,4123.1,2.5,1.0
1427600371,3224.5,4125.4,2.5,1.4
1427600372,3224.8,4130.9,2.5,1.7
1427600373,3229.3,4130.5,2.4,1.1
1427600374,3227.5,4125.4,2.5,1.5
1427600375,3228.5,4128.8,2.4,1.8
1427600376,3226.5,4126.5,2.3,1.1
1427600377,3223.6,4127.5,2.4,1.5
1427600378,3236.8,4123.7,2.4,1.8
1427600379,3239.3,4126.3,2.3,1.1
1427600380,3224.7,4124.1,2.3,1.5
1427600381,3227.9,4125.4,2.4,1.7
1427600382,3233.9,4126.8,2.3,1.1
1427600383,3229.8,4125.0,2.3,1.4
1427600384,3228.8,4123.7,2.3,1.7
1427600385,3230.5,4124.9,2.3,1.0
1427600386,3226.3,4123.6,2.3,1.4
1427600387,3228.7,4123.0,2.3,1.7
1427600388,3246.5,4123.5,2.3,0.9
1427600389,3241.6,4121.8,2.2,1.4
1427600390,3239.1,4122.2,2.2,1.7
1427600391,3238.9,4123.0,2.2,0.9
1427600393,3233.2,4121.6,2.1,1.7
1427600394,3241.2,4126.3,2.1,1.0
1427600395,3233.4,4126.6,2.1,1.4
1427600396,3233.8,4127.4,2.0,1.6
1427600397,3238.0,4127.5,2.1,1.0
1427600398,3227.7,4118.1,2.0,1.4
1427600399,3237.7,4120.6,2.0,1.8
1427600400,3242.3,4119.1,2.0,1.1
1427600401,3248.4,4118.9,2.0,1.4
1427600402,3255.6,4121.1,1.9,1.8
1427600403,3243.9,4120.2,1.9,1.1
1427600404,3228.8,4123.0,1.9,1.4
1427600405,3221.0,4120.3,2.0,1.7
1427600406,3222.7,4124.5,1.9,1.1
1427600407,3226.7,4125.7,1.9,1.4
1427600408,3227.0,4128.1,1.9,1.8
1427600409,3243.2,4127.1,1.8,1.1
1427600410,3230.0,4124.5,1.8,1.4
1427600411,3232.9,4121.8,1.8,1.7
1427600412,3251.1,4125.9,1.7,1.0
1427600413,3247.7,4125.9,1.7,1.3
1427600414,3245.5,4127.8,1.8,1.7
1427600415,3228.1,4127.5,1.8,1.0
1427600416,3229.8,4127.4,1.8,1.4
1427600417,3228.3,4128.7,1.8,1.7
1427600418,3228.9,4126.8,1.9,1.1
1427600419,3228.7,4126.5,1.9,1.4
1427600420,3228.8,4127.2,1.8,1.8
1427600421,3234.8,4130.0,1.8,1.2
1427600422,3255.4,4128.9,1.8,1.6
1427600423,3257.2,4128.5,1.7,0.9
1427600424,3238.7,4126.1,1.7,1.3
1427600425,3426.6,4124.9,1.8,1.7
1427600426,3480.8,4123.3,1.8,1.0
1428890769,869.7,1365.7,2.0,1.2
1428890775,877.7,1356.0,1.9,0.9
1428890776,877.7,1356.0,1.9,0.9
1428890777,878.0,1363.6,1.5,1.1
1428890778,871.2,1364.1,1.3,1.3
1428890780,879.0,1363.5,1.8,1.7
1428890781,869.3,1361.9,1.5,1.0
1428890782,863.8,1358.9,2.2,1.1
1428890783,861.6,1362.1,1.8,1.3
1428890784,864.4,1367.1,1.5,1.5
1428890785,864.1,1357.5,1.2,0.8
1428890786,861.8,1363.9,2.0,1.0
1428890787,862.3,1361.6,1.7,1.2
1428890788,866.1,1356.4,1.4,1.4
1428890789,862.0,1363.3,2.1,1.6
1428890790,864.3,1364.7,1.9,0.8
1428890792,860.9,1360.5,1.2,1.3
1428890793,853.0,1367.1,1.9,1.6
1428890794,852.1,1358.5,1.5,0.8
1428890795,854.5,1362.4,1.2,1.1
1428890796,850.0,1361.1,1.5,1.7
1428890797,853.7,1366.8,2.2,1.0
1428890798,853.7,1366.8,2.2,1.0
1428890799,852.8,1365.8,1.9,1.2
1428890800,850.9,1360.7,1.5,1.3
1428890801,848.5,1362.9,2.2,1.6
1428890802,846.4,1363.8,1.8,0.8
1428890804,852.1,1369.1,1.2,1.1
1428890805,874.7,1362.7,2.0,1.3
1428890806,869.4,1355.5,1.6,1.5
1428890807,863.5,1364.4,1.2,1.7
1428890808,860.8,1358.0,1.6,1.1
1428890809,860.8,1358.0,1.6,1.1
1428890810,861.6,1360.1,1.2,1.3
1428890811,874.9,1361.7,1.9,1.5
1428890812,868.9,1359.9,1.5,0.8
1428890813,866.2,1361.2,1.2,1.1
1428890814,862.3,1361.8,1.9,1.3
1428890815,862.1,1360.2,1.6,1.5
1428890817,859.1,1361.0,1.9,1.0
1428890818,876.1,1359.3,1.3,1.5
1428890819,876.1,1359.3,1.3,1.5
1428890820,877.3,1363.7,2.1,0.7
1428890821,865.5,1358.8,1.8,0.9
1428890822,863.5,1359.7,1.5,1.0
1428890823,862.3,1363.3,1.3,1.2
1428890825,854.4,1359.3,1.7,1.7
1428890826,873.0,1364.6,1.4,0.9
1428890827,867.3,1360.0,2.1,1.1
1428890828,862.3,1358.7,1.7,1.4
1428890829,859.6,1364.0,1.4,1.6
1428890830,856.1,1357.2,2.1,0.8
1428890831,860.9,1355.9,1.7,1.0
1428890833,862.5,1363.4,2.0,1.3
1428890834,862.9,1359.6,1.7,1.6
1428890835,859.5,1361.8,1.4,0.8
1428890836,861.1,1356.1,2.0,1.1
1428890837,867.2,1353.0,1.7,1.3
1428890838,872.2,1361.9,1.5,1.5
1428890839,864.0,1358.4,2.1,1.7
1428890840,859.3,1359.7,1.8,0.9
1428890841,865.5,1362.6,1.5,1.1
1428890842,865.2,1356.4,2.1,1.4
1428890843,866.5,1356.8,1.9,1.6
1428890844,861.2,1364.1,1.6,0.8
1428890846,852.6,1357.7,1.8,1.3
1428890847,860.8,1363.4,1.5,1.5
1428890848,875.7,1359.1,2.2,0.7
1428890849,858.7,1356.4,1.9,1.0
1428890850,867.9,1359.0,1.2,1.4
1428890851,868.2,1357.2,2.0,1.6
1428890852,868.2,1357.2,2.0,1.6
1428890853,866.3,1361.6,1.7,0.9
1428890854,860.1,1361.1,1.3,1.1
1428890855,860.9,1355.4,2.1,1.4
1428890856,861.8,1360.3,1.8,1.6
1428890857,858.2,1358.8,1.5,0.8
1428890858,876.6,1357.6,1.2,1.0
1428890860,874.7,1362.2,1.4,1.5
1428890861,867.7,1360.7,1.6,0.9
1428890862,867.7,1360.7,1.6,0.9
1428890863,862.4,1358.0,1.2,1.2
1428890864,869.3,1356.8,1.9,1.4
1428890865,867.3,1359.0,1.5,1.6
1428890866,863.4,1360.2,2.2,0.8
1428890867,865.1,1356.5,1.9,1.0
1428890868,867.6,1363.4,1.5,1.3
1428890869,875.4,1360.6,1.1,1.5
1428890870,868.8,1360.9,1.5,1.0
1428890871,865.2,1361.9,2.2,1.3
1428890873,861.0,1361.6,1.6,1.6
1428890874,861.0,1361.6,1.6,1.6
1428890875,870.1,1362.6,1.1,0.8
1428890876,881.9,1356.8,1.8,1.0
1428890877,878.3,1359.1,1.5,1.3
1428890878,877.7,1362.6,2.1,1.6
1428890879,876.6,1360.1,1.8,0.8
1428890880,878.4,1362.4,1.5,1.1
1428890881,871.5,1362.8,1.2,1.3
1428890882,868.8,1370.0,1.5,0.8
1428890884,866.5,1362.1,1.3,1.0
1428890885,869.2,1355.0,2.0,1.2
1428890886,879.7,1360.5,1.7,1.4
1428890887,886.7,1362.7,1.3,1.6
1428890888,876.2,1354.7,2.0,1.0
1428890889,881.1,1361.4,1.7,1.1
1428890890,868.0,1360.4,1.4,1.3
1428890891,860.5,1355.9,2.0,1.5
1428890892,860.1,1358.6,1.5,1.8
1428890893,856.9,1361.6,1.2,0.9
1428890895,857.3,1360.2,1.6,1.4
1428890896,857.1,1371.4,1.3,1.7
1428890897,858.4,1355.9,2.0,0.8
1428890899,868.4,1357.5,1.4,1.2
1428890900,871.2,1356.4,2.1,1.4
1428890901,861.9,1353.0,1.8,1.7
1428890902,867.1,1362.9,1.4,0.9
1428890903,868.1,1360.4,2.1,1.1
1428890904,861.0,1360.5,1.8,1.3
1428890905,860.5,1360.6,1.5,1.5
1428890906,853.4,1356.5,1.3,0.8
1428890907,853.4,1355.2,2.0,1.0
1428890908,850.1,1360.5,1.7,1.2
1428890910,868.8,1361.7,2.1,0.7
1428890911,862.6,1364.5,1.8,0.9
1428890912,861.2,1360.4,1.6,1.1
1428890913,861.2,1359.4,1.2,1.4
1428890914,861.1,1362.9,1.9,1.5
1428890915,847.5,1360.0,1.7,1.6
1428890916,851.9,1352.3,1.3,0.8
1428890917,857.9,1361.4,2.0,1.1
1428890918,857.7,1356.3,1.6,1.3
1428890919,856.5,1355.8,1.3,1.6
1428890920,856.1,1364.3,1.9,0.7
1428890922,872.3,1363.7,1.2,1.1
1428890923,867.2,1368.2,1.9,1.4
1428890924,863.1,1368.9,1.5,1.6
1428890925,864.6,1360.4,1.2,0.8
1428890926,852.6,1363.0,1.9,1.1
1428890927,854.4,1357.0,1.6,1.3
1428890928,848.0,1353.2,1.4,1.6
1428890929,847.9,1357.0,2.0,0.8
1428890930,850.2,1355.0,1.8,1.0
1428890931,843.7,1353.0,1.4,1.3
1428890932,853.1,1358.1,2.1,1.6
1428890934,854.6,1351.8,1.5,1.1
1428890935,854.1,1357.7,1.1,1.3
1428890936,855.4,1354.6,1.9,1.5
1428890937,858.2,1371.9,1.6,1.7
1428890938,855.3,1395.7,1.3,1.0
1428890939,852.5,1406.6,2.0,1.3
1428890940,855.0,1387.9,1.7,1.6
1428890941,849.7,1392.9,1.4,0.9
1428890942,844.5,1391.6,2.1,1.2
1428890943,861.7,1382.7,1.8,1.4
1428890944,867.0,1389.2,1.5,1.5
1428890946,853.2,1364.9,1.9,1.0
1428890947,849.8,1368.5,1.6,1.4
1428890948,840.9,1337.2,1.2,1.6
1428890949,836.3,1281.8,1.9,0.9
1428890950,835.8,1278.0,1.5,1.2
1428890951,837.9,1269.7,2.0,1.5
1428890952,842.8,1264.5,1.6,0.9
1428890953,845.5,1271.0,1.2,1.2
1428890954,845.3,1271.1,1.7,1.6
1428890955,1280.0,1272.0,1.2,1.0
1428890956,1170.4,1274.5,1.7,1.3
1428890958,932.0,1265.4,1.8,1.1
1428890959,925.5,1268.8,1.4,1.5
1428890960,925.8,1270.5,1.9,1.8
1428890961,948.0,1265.7,1.4,1.1
1428890962,935.9,1273.1,2.0,1.4
1428890963,934.6,1270.9,1.5,1.8
1428890964,932.5,1265.0,2.0,1.1
1428890965,929.2,1266.7,1.5,1.5
1428890966,936.1,1269.8,1.0,0.8
1428890967,946.1,1264.3,1.6,1.2
1428890968,942.6,1269.1,1.2,1.5
1428890970,940.8,1265.1,1.3,1.2
1428890971,935.9,1265.7,1.9,1.6
1428890972,934.2,1268.4,1.4,1.0
1428890973,933.1,1265.1,2.0,1.4
1428890974,929.2,1267.5,1.6,1.9
1428890975,928.4,1270.8,1.1,1.2
1428890976,926.5,1271.7,1.7,1.5
1428890977,922.2,1269.3,1.2,1.8
1428890978,923.2,1268.2,1.7,1.1
1428890979,918.0,1262.1,1.2,1.5
1428890980,918.6,1265.3,1.8,0.9
1428890981,918.6,1270.6,1.3,1.2
1428890983,908.2,1273.5,1.4,1.0
1428890984,925.1,1273.8,2.0,1.4
1428890985,925.8,1263.1,1.5,1.8
1428890986,923.9,1264.1,1.0,1.1
1428890987,924.2,1269.8,1.5,1.6
1428890988,924.5,1269.0,1.1,0.9
1428890989,930.2,1264.0,1.6,1.4
1428890990,931.2,1268.1,1.2,1.6
1428890991,924.2,1265.2,1.7,1.0
1428890992,932.5,1263.5,1.2,1.3
1428890993,944.3,1269.1,1.7,1.6
1428890994,943.2,1264.7,1.2,0.9
1428890995,936.2,1265.1,1.8,1.3
1428890997,921.0,1263.2,1.7,1.0
1428890998,909.4,1259.4,1.2,1.4
1428890999,909.7,1268.0,1.8,1.7
1428891000,907.2,1264.5,1.3,1.1
1428891001,904.2,1262.5,1.8,1.4
1428891002,899.4,1270.1,1.3,1.9
1428891003,902.8,1267.5,1.9,1.4
1428891004,899.1,1266.8,1.4,1.7
1428891005,900.5,1271.9,2.0,1.1
1428891006,904.7,1263.0,1.5,1.5
1428891007,903.9,1261.4,1.1,1.8
1428891008,906.1,1268.4,1.6,1.2
1428891009,898.5,1266.9,1.2,1.7
1428891011,902.3,1272.8,1.3,1.3
1428891012,918.7,1278.0,1.5,1.0
1428891013,918.7,1278.0,1.5,1.0
1428891014,916.5,1281.3,1.6,1.7
1428891015,916.5,1281.3,1.6,1.7
1428891016,914.5,1276.1,1.1,1.1
1428891017,904.4,1265.2,1.6,1.4
1428891019,919.1,1264.8,1.7,1.3
1428891020,915.2,1265.0,1.3,1.6
1428891021,916.9,1265.5,1.9,1.0
1428891022,910.3,1261.0,1.4,1.4
1428891023,911.5,1268.1,1.9,1.7
1428891025,910.9,1267.3,2.0,1.5
1428891026,908.7,1267.7,1.6,1.8
1428891027,897.1,1273.0,1.2,1.2
1428891028,901.1,1266.2,1.7,1.5
1428891029,903.8,1266.2,1.3,0.9
1428891030,906.3,1268.1,1.8,1.3
1428891031,901.5,1262.7,1.4,1.6
1428891032,902.7,1270.1,1.9,0.9
1428891033,897.3,1272.6,1.3,1.3
1428891034,905.5,1259.5,2.0,1.7
1428891035,899.9,1265.4,1.4,1.0
1428891036,897.7,1263.0,1.9,1.4
1428891038,896.5,1264.7,1.8,1.2
1428891039,899.1,1273.4,1.3,1.5
1428891040,898.1,1268.0,1.8,1.0
1428891041,904.5,1263.2,1.4,1.3
1428891042,900.5,1265.3,1.9,1.6
1428891043,923.1,1259.9,1.4,1.0
1428891044,915.7,1268.7,1.9,1.4
1428891045,920.0,1265.8,1.4,1.8
1428891046,914.5,1267.7,2.0,1.1
1428891047,911.9,1267.9,1.5,1.6
1428891049,903.4,1258.6,1.6,1.4
1428891050,900.7,1260.9,1.1,1.7
1428891051,894.7,1268.8,1.6,1.2
1428891052,898.6,1259.2,1.2,1.5
1428891053,898.7,1263.3,1.7,0.8
1428891054,902.4,1265.3,1.3,1.2
1428891055,901.4,1260.6,1.7,1.5
1428891056,899.3,1260.6,1.3,0.9
1428891057,895.4,1262.3,1.8,1.2
1428891058,897.0,1261.9,1.4,1.6
1428891059,900.5,1263.7,1.8,1.0
1428891060,900.2,1280.5,1.4,1.4
1428891062,919.6,1261.9,1.4,1.1
1428891063,913.9,1265.9,1.9,1.4
1428891064,912.8,1262.9,1.5,1.9
1428891065,908.5,1262.8,2.0,1.2
1428891066,910.0,1267.0,1.6,1.5
1428891067,909.1,1268.8,1.2,1.0
1428891068,922.0,1265.7,1.7,1.3
1428891069,914.4,1259.5,1.7,1.1
1428891070,914.4,1259.5,1.7,1.1
1428891071,911.0,1259.5,1.3,1.4
1428891073,911.5,1262.3,1.3,1.2
1428891074,909.2,1259.7,1.8,1.5
1428891075,910.4,1263.7,1.3,0.9
1428891076,911.3,1258.4,1.8,1.2
1428891077,909.2,1258.8,1.3,1.6
1428891078,911.4,1265.0,1.8,1.0
1428891079,910.9,1263.1,1.3,1.3
1428891080,912.1,1258.9,1.8,1.6
1428891081,908.0,1264.3,1.4,0.9
1428891082,903.1,1260.1,1.9,1.2
1428891083,898.2,1258.1,1.5,1.6
1428891085,897.6,1261.0,1.6,1.3
1428891086,905.9,1261.3,1.1,1.7
1428891087,908.1,1264.6,1.6,1.2
1428891088,924.8,1260.3,1.2,1.5
1428891089,918.2,1256.9,1.8,0.8
1428891090,922.8,1262.2,1.3,1.2
1428891091,922.4,1260.7,1.9,1.6
1428891092,923.5,1257.4,1.4,0.9
1428891093,919.3,1267.5,2.0,1.3
1428891094,920.4,1261.6,1.5,1.5
1428891095,918.9,1255.5,2.0,0.9
1428891097,918.1,1259.0,1.1,1.6
1428891098,916.2,1256.9,1.6,1.0
1428891099,918.7,1263.4,1.1,1.5
1428891100,917.6,1264.2,1.6,1.0
1428891101,914.8,1258.2,1.1,1.4
1428891102,918.4,1261.8,1.6,1.6
1428891103,913.4,1261.2,1.1,1.0
1428891104,916.4,1256.3,1.7,1.4
1428891105,918.4,1262.7,1.2,1.7
1428891106,920.5,1261.3,1.7,1.1
1428891108,935.3,1263.1,1.6,1.8
1428891109,932.6,1261.2,1.2,1.1
1428891110,925.6,1239.5,1.6,1.6
1428891111,927.8,1160.8,1.0,1.2
1428891112,926.0,1161.4,1.5,1.7
1428891113,930.3,1157.8,0.9,1.2
1428891114,928.2,1163.0,1.3,1.7
1428891115,925.6,1160.9,1.7,1.2
1428891116,928.4,1153.7,1.2,1.7
1428891117,917.7,1159.2,1.7,1.1
1428891119,917.0,1156.4,1.6,1.2
1428891120,914.6,1167.6,1.0,1.8
1428891121,935.9,1164.0,1.4,1.2
1428891122,930.2,1155.3,1.8,1.8
1428891123,927.0,1161.4,1.2,1.3
1428891124,923.4,1163.4,1.7,1.8
1428891125,925.4,1156.4,1.2,1.3
1428891126,924.9,1160.1,1.7,1.8
1428891127,916.3,1158.7,1.6,1.9
1428891129,914.2,1158.2,1.0,1.4
1428891130,917.4,1161.3,1.3,2.0
1428891131,915.2,1158.8,1.1,2.1
1428891132,915.2,1158.8,1.1,2.1
1428891133,919.8,1162.6,1.5,1.5
1428891134,919.6,1156.0,1.0,1.0
1428891135,936.3,1159.1,1.4,1.5
1428891136,932.9,1161.9,1.8,2.0
1428891137,930.6,1155.7,1.1,1.5
1428891138,929.1,1158.2,1.5,2.0
1428891139,916.8,1156.7,1.5,1.1
1428891141,920.0,1162.5,1.3,1.2
1428891142,920.0,1162.5,1.3,1.2
1428891143,919.6,1158.3,1.8,1.6
1428891144,916.3,1158.1,1.2,1.2
1428891145,916.5,1163.7,1.7,1.8
1428891146,917.9,1158.1,1.2,1.3
1428891147,914.8,1158.1,1.6,1.8
1428891148,914.8,1162.1,1.0,1.2
1428891149,918.1,1159.8,1.3,1.7
1428891150,915.3,1156.9,1.8,1.2
1428891151,920.3,1161.0,1.2,1.8
1428891153,918.6,1294.9,1.0,1.9
1428891154,929.8,1215.5,1.4,1.3
1428891155,969.0,1157.2,1.8,1.9
1428891156,1091.8,1157.9,1.3,1.5
1428891157,1113.6,1160.8,1.7,1.9
1428891158,1112.0,1157.2,1.1,1.5
1428891159,1107.4,1156.5,1.5,2.0
1428891160,1107.6,1163.0,1.8,1.5
1428891161,1108.4,1158.6,1.2,2.0
1428891162,1107.2,1155.5,1.6,1.5
1428891163,1108.8,1164.5,1.1,1.9
1428891164,1105.3,1160.7,1.5,1.5
1428891166,1098.9,1162.2,1.4,1.6
1428891167,1100.4,1158.6,1.8,1.1
1428891168,1102.8,1158.0,1.3,1.6
1428891169,1105.2,1161.9,1.8,1.3
1428891170,1104.6,1161.2,1.1,1.8
1428891171,1098.9,1157.4,1.6,1.3
1428891172,1101.8,1163.2,1.0,1.8
1428891173,1100.0,1160.4,1.4,1.3
1428891174,1097.2,1156.1,1.7,1.8
1428891175,1099.3,1159.5,1.1,1.3
1428891176,1099.7,1159.4,1.5,1.7
1428891178,1099.8,1170.7,1.4,1.8
1428891179,1100.6,1171.9,1.8,1.3
1428891180,1099.7,1161.7,1.6,1.3
1428891181,1099.7,1161.7,1.6,1.3
1428891182,1099.8,1161.6,1.1,1.8
1428891183,1099.7,1156.2,1.6,1.4
1428891184,1121.2,1161.9,1.5,1.4
1428891185,1121.2,1161.9,1.5,1.4
1428891186,1115.9,1155.0,0.9,2.0
1428891187,1113.2,1160.2,1.3,1.4
1428891189,1110.2,1155.2,1.2,1.5
1428891190,1103.4,1160.3,1.6,2.1
1428891191,1104.0,1162.8,1.1,1.7
1428891193,1114.0,1161.3,1.0,1.8
1428891194,1107.6,1158.9,1.4,1.3
1428891195,1116.3,1155.2,1.8,1.9
1428891196,1115.5,1159.3,1.3,1.4
1428891197,1111.4,1161.4,1.7,1.9
1428891198,1105.5,1160.5,1.2,1.5
1428891199,1106.3,1160.5,1.6,2.0
1428891200,1111.9,1160.9,1.0,1.5
1428891201,1110.5,1155.2,1.4,2.0
1428891203,1106.3,1156.2,1.6,1.4
1428891204,1106.3,1156.2,1.6,1.4
1428891205,1110.6,1161.5,1.0,2.0
1428891206,1108.5,1162.7,1.5,1.6
1428891207,1121.3,1153.4,1.9,1.2
1428891208,1118.7,1159.5,1.4,1.7
1428891209,1123.1,1156.9,1.1,1.7
1428891210,1123.1,1156.9,1.1,1.7
1428891211,1120.9,1159.1,1.5,1.2
1428891212,1115.4,1163.2,0.8,1.7
1428891214,1108.9,1161.1,1.7,1.8
1428891215,1109.7,1160.4,1.1,1.3
1428891216,1109.7,1157.4,1.6,1.7
1428891217,1109.0,1158.8,1.0,1.2
1428891218,1113.4,1160.2,1.4,1.7
1428891219,1113.1,1159.0,1.7,1.2
1428891220,1107.7,1158.0,1.2,1.7
1428891221,1107.8,1160.8,1.7,1.1
1428891222,1107.9,1160.0,1.5,1.2
1428891223,1107.9,1160.0,1.5,1.2
1428891225,1111.2,1161.5,1.4,1.2
1428891226,1111.7,1158.9,1.9,1.7
1428891227,1110.6,1162.6,1.4,1.1
1428891228,1107.2,1160.3,1.7,1.7
1428891229,1131.7,1167.7,1.6,1.8
1428891230,1131.7,1167.7,1.6,1.8
1428891231,1120.0,1157.2,1.0,1.3
1428891232,1120.1,1156.4,1.5,1.9
1428891233,1115.2,1164.5,1.8,1.4
1428891234,1112.7,1160.3,1.2,1.9
1428891235,1107.7,1155.7,1.7,1.4
1428891236,1103.2,1162.2,1.1,1.9
1428891238,1104.1,1154.9,1.0,2.0
1428891239,1111.1,1161.8,1.4,1.4
1428891240,1130.9,1159.0,1.7,2.0
1428891241,1135.5,1156.7,1.1,1.5
1428891242,1140.1,1161.7,1.6,1.1
1428891243,1135.2,1159.0,1.1,1.7
1428891244,1138.0,1161.2,1.5,1.1
1428891245,1135.9,1161.1,1.9,1.6
1428891246,1152.1,1157.6,1.3,1.1
1428891247,1151.8,1163.1,1.8,1.7
1428891249,1143.3,1169.8,1.6,1.7
1428891250,1141.8,1173.1,1.1,1.3
1428891251,1133.9,1178.3,1.5,1.8
1428891252,1132.2,1168.3,1.9,1.3
1428891253,1136.0,1165.3,1.3,1.9
1428891254,1154.9,1173.3,1.8,1.4
1428891255,1149.8,1170.4,1.2,2.0
1428891256,1145.1,1178.3,1.0,2.0
1428891257,1145.1,1178.3,1.0,2.0
1428891258,1144.1,1176.5,1.6,1.6
1428891260,1144.6,1170.3,1.8,1.3
1428891261,1144.6,1170.3,1.8,1.3
1428891262,1149.6,1167.4,1.3,1.8
1428891263,1147.2,1171.2,1.7,1.4
1428891264,1144.8,1164.8,1.5,1.4
1428891265,1144.8,1164.8,1.5,1.4
1428891266,1145.8,1169.6,1.0,1.9
1428891267,1147.8,1169.9,1.4,1.4
1428891268,1144.2,1164.6,1.7,1.8
1428891269,1146.7,1170.9,1.1,1.3
1428891271,1144.5,1169.0,1.5,1.9
1428891272,1142.9,1171.3,2.0,1.4
1428891273,1142.9,1171.3,2.0,1.4
1428891274,1142.5,1163.5,1.4,1.9
1428891275,1142.3,1170.2,1.9,1.3
1428891276,1140.4,1171.3,1.2,1.9
1428891277,1131.6,1165.1,1.7,1.5
1428891278,1151.6,1169.5,1.1,1.9
1428891279,1146.9,1170.5,1.5,1.5
1428891280,1151.0,1164.9,0.9,2.1
1428891282,1140.5,1170.5,1.8,1.2
1428891283,1149.2,1168.8,1.2,1.8
1428891284,1142.4,1173.5,1.7,1.3
1428891285,1141.7,1172.9,1.1,1.8
1428891286,1142.3,1171.8,1.5,1.3
1428891287,1140.1,1167.7,1.9,1.8
1428891288,1141.9,1174.4,1.3,1.4
1428891289,1140.5,1166.4,1.7,1.9
1428891290,1138.5,1170.5,1.1,1.5
1428891291,1139.4,1175.5,1.5,2.1
1428891292,1140.2,1174.0,1.9,1.6
1428891294,1141.1,1170.9,1.8,1.8
1428891295,1141.7,1169.0,1.6,2.0
1428891296,1141.7,1169.0,1.6,2.0
1428891297,1141.1,1173.7,1.1,1.5
1428891298,1140.3,1167.2,1.6,1.1
1428891299,1139.9,1175.0,1.4,1.2
1428891300,1129.4,1165.2,1.8,1.7
1428891301,1129.4,1165.2,1.8,1.7
1428891302,1131.2,1167.2,1.2,1.2
1428891303,1160.1,1173.9,1.7,1.8
1428891304,1182.7,1169.0,1.1,1.3
1428891305,1181.4,1169.1,1.5,2.0
1428891307,1175.1,1166.2,1.4,0.9
1428891308,1182.1,1166.2,1.8,1.5
1428891309,1184.5,1170.9,1.3,2.1
1428891310,1191.5,1171.3,1.7,1.6
1428891311,1215.0,1175.7,1.1,1.2
1428891312,1217.4,1175.6,1.5,1.8
1428891313,1213.9,1171.6,1.3,1.9
1428891315,1209.5,1170.4,1.7,1.5
1428891316,1211.7,1167.5,1.1,1.0
1428891317,1211.4,1166.9,1.5,1.5
1428891318,1205.6,1167.8,1.4,1.6
1428891319,1205.6,1167.8,1.4,1.6
1428891321,1213.6,1174.5,1.2,1.5
1428891322,1212.9,1168.6,1.6,1.9
1428891323,1210.4,1166.1,1.0,1.6
1428891324,1204.9,1171.8,1.6,1.0
1428891325,1195.9,1170.1,1.0,1.6
1428891326,1195.2,1167.9,1.4,1.1
1428891327,1199.9,1178.4,1.9,1.7
1428891328,1199.8,1174.4,1.3,1.1
1428891329,1217.5,1164.3,1.7,1.7
1428891330,1227.2,1171.8,1.1,1.2
1428891331,1209.5,1166.2,1.6,1.7
1428891333,1216.5,1172.6,1.5,1.9
1428891334,1198.0,1175.3,1.9,1.5
1428891335,1196.4,1170.1,1.3,2.1
1428891336,1199.5,1169.7,1.7,1.7
1428891337,1197.4,1166.6,1.1,1.3
1428891338,1199.5,1164.7,1.5,1.8
1428891339,1197.1,1173.4,1.0,1.3
1428891340,1199.7,1168.7,1.3,1.9
1428891341,1198.7,1163.9,1.8,1.4
1428891342,1195.4,1169.2,1.2,1.9
1428891343,1198.7,1169.0,1.6,1.6
1428891344,1196.3,1165.4,1.0,1.1
1428891346,1200.0,1172.4,1.9,1.2
1428891347,1218.2,1166.8,1.3,1.7
1428891348,1217.8,1178.7,1.7,1.3
1428891349,1216.1,1173.1,1.1,1.9
1428891350,1212.0,1163.1,1.5,1.4
1428891351,1213.8,1170.9,0.9,1.9
1428891352,1208.1,1168.2,1.3,1.5
1428891353,1208.1,1167.0,1.7,1.0
1428891354,1196.4,1171.2,1.2,1.5
1428891355,1198.2,1175.0,1.6,2.0
1428891356,1197.1,1172.9,1.0,1.5
1428891357,1211.5,1168.8,1.5,2.0
1428891359,1195.0,1164.6,1.3,2.0
1428891360,1201.5,1169.6,1.7,1.5
1428891361,1196.9,1167.4,1.2,2.0
1428891362,1196.6,1165.0,1.6,1.6
1428891363,1196.2,1169.0,1.0,1.1
1428891364,1196.8,1171.3,1.4,1.7
1428891365,1201.1,1171.4,1.8,1.1
1428891366,1192.1,1178.8,1.3,1.7
1428891367,1194.4,1180.4,1.7,1.3
1428891368,1198.6,1165.5,1.2,1.8
1428891369,1193.5,1167.0,1.5,1.3
1428891370,1214.1,1171.3,0.9,1.9
1428891372,1208.5,1166.3,1.8,2.0
1428891373,1203.8,1169.9,1.2,1.5
1428891374,1203.5,1168.3,1.7,2.0
1428891375,1220.2,1167.2,1.1,1.7
1428891376,1208.1,1173.4,1.5,1.2
1428891377,1194.4,1164.8,1.0,1.8
1428891378,1195.2,1166.8,1.4,1.3
1428891379,1194.9,1169.3,1.8,1.9
1428891380,1195.8,1164.0,1.1,1.3
1428891381,1196.1,1171.4,1.6,1.9
1428891382,1190.7,1170.3,1.0,1.4
1428891384,1189.9,1167.1,1.9,1.4
1428891385,1193.9,1170.8,1.4,1.8
1428891386,1191.8,1172.2,1.8,1.4
1428891387,1193.2,1172.4,1.3,1.8
1428891388,1193.7,1174.0,1.6,1.3
1428891389,1211.2,1164.6,1.0,1.8
1428891390,1208.2,1163.5,1.4,1.2
1428891391,1212.6,1195.0,1.9,1.7
1428891392,1204.5,1216.4,1.4,1.2
1428891393,1217.3,1223.1,1.6,1.1
1428891394,1211.0,1218.4,1.3,1.5
1428891395,1211.0,1218.4,1.3,1.5
1428891396,1213.3,1215.1,1.9,1.0
1428891398,1204.6,1217.4,1.9,2.0
1428891399,1194.7,1216.1,1.5,1.4
1428891400,1194.6,1221.8,2.0,1.7
1428891401,1145.3,1217.3,1.1,1.3
1428891402,1145.3,1217.3,1.1,1.3
1428891403,1124.1,1221.0,1.8,1.8
1428891404,1120.3,1218.1,1.4,1.2
1428891405,1122.8,1215.7,1.9,1.6
1428891406,1127.1,1217.9,2.0,1.4
1428891407,1127.1,1217.9,2.0,1.4
1428891408,1122.3,1215.8,1.6,1.9
1428891410,1122.6,1217.9,1.7,1.6
1428891411,1120.2,1213.4,1.3,1.0
1428891412,1120.4,1217.8,1.5,1.9
1428891413,1120.4,1217.8,1.5,1.9
1428891414,1119.7,1215.2,2.0,1.3
1428891415,1124.1,1220.7,1.2,1.3
1428891416,1120.6,1216.1,1.9,1.8
1428891417,1120.6,1221.1,1.4,1.1
1428891418,1140.6,1218.6,1.9,1.5
1428891419,1140.6,1218.6,1.9,1.5
1428891420,1131.3,1219.6,1.1,1.3
1428891421,1131.3,1219.6,1.1,1.3
1428891422,1124.6,1218.2,1.2,1.1
1428891423,1124.6,1218.2,1.2,1.1
1428891425,1118.7,1221.0,1.5,0.8
1428891426,1117.7,1213.9,2.0,1.2
1428891427,1117.5,1219.2,1.6,1.6
1428891428,1117.0,1218.1,1.2,1.0
1428891429,1120.3,1214.6,1.7,1.4
1428891430,1118.3,1220.1,1.2,1.7
1428891431,1117.6,1218.6,1.8,1.1
1428891432,1115.7,1214.1,1.4,1.6
1428891433,1118.0,1220.6,1.4,1.3
1428891434,1117.1,1214.0,1.9,1.8
1428891435,1117.1,1214.0,1.9,1.8
1428891436,1117.5,1219.6,1.5,1.1
1428891438,1113.4,1216.1,1.5,1.1
1428891439,1115.6,1218.2,1.1,1.5
1428891440,1120.3,1219.9,1.7,1.9
1428891441,1116.4,1214.4,1.2,1.2
1428891442,1118.2,1218.8,1.8,1.6
1428891443,1117.4,1220.0,1.3,1.0
1428891444,1139.2,1217.9,1.9,1.4
1428891445,1131.9,1218.3,1.4,1.9
1428891446,1129.9,1220.2,1.9,1.2
1428891447,1129.8,1215.7,1.3,1.7
1428891448,1126.8,1219.0,1.9,1.2
1428891450,1117.6,1214.9,2.0,1.0
1428891451,1116.4,1218.9,1.7,1.4
1428891452,1129.6,1231.1,1.2,1.8
1428891453,1121.7,1214.2,1.8,1.1
1428891454,1120.7,1220.6,1.9,1.0
1428891455,1120.7,1220.6,1.9,1.0
1428891456,1121.0,1214.4,1.5,1.4
1428891457,1117.4,1217.4,2.0,1.9
1428891458,1117.8,1215.5,1.1,1.6
1428891459,1117.8,1215.5,1.1,1.6
1428891460,1118.7,1223.0,1.2,1.3
1428891461,1118.7,1223.0,1.2,1.3
1428891463,1119.3,1215.7,1.4,1.1
1428891464,1117.5,1220.6,2.0,1.4
1428891465,1119.2,1219.9,1.6,1.8
1428891466,1138.1,1217.9,1.1,1.2
1428891467,1133.6,1221.6,1.6,1.7
1428891468,1134.1,1216.5,1.2,1.2
1428891469,1130.6,1214.6,1.8,1.5
1428891470,1129.6,1217.5,1.4,1.0
1428891471,1118.7,1216.6,2.1,1.4
1428891472,1117.1,1218.8,1.7,1.9
1428891473,1119.7,1221.7,1.2,1.3
1428891475,1130.6,1214.7,1.5,1.2
1428891476,1125.9,1219.5,2.0,1.6
1428891477,1154.4,1216.2,1.6,1.1
1428891478,1154.0,1216.1,1.2,1.4
1428891479,1148.3,1223.6,1.8,1.9
1428891480,1148.0,1216.5,1.4,1.3
1428891481,1139.9,1215.5,2.0,1.6
1428891482,1134.8,1221.1,1.6,1.0
1428891483,1130.0,1217.5,1.2,1.6
1428891484,1135.5,1217.2,1.8,0.9
1428891486,1135.8,1218.8,1.9,1.7
1428891487,1132.0,1214.5,1.5,1.0
1428891488,1159.1,1220.9,1.2,1.6
1428891490,1153.2,1217.2,1.3,1.4
1428891491,1150.0,1222.7,1.8,1.8
1428891492,1171.7,1217.8,1.4,1.3
1428891493,1155.5,1216.3,2.0,1.7
1428891494,1158.3,1222.1,1.5,1.0
1428891495,1155.3,1218.6,1.1,1.5
1428891496,1158.3,1214.3,1.6,1.8
1428891497,1168.0,1221.5,1.2,1.3
1428891498,1170.0,1219.9,1.8,1.7
1428891499,1162.3,1214.1,1.4,1.0
1428891500,1169.3,1221.2,1.9,1.4
1428891502,1165.7,1304.8,2.0,1.1
1428891503,1169.1,1309.9,1.6,1.5
1428891504,1165.8,1307.4,1.2,1.7
1428891505,1166.8,1302.0,1.8,1.1
1428891506,1175.1,1306.5,1.4,1.4
1428891507,1173.8,1307.7,2.0,1.8
1428891508,1170.7,1302.2,1.6,1.2
1428891509,1170.7,1307.4,1.1,1.6
1428891510,1172.7,1305.5,1.6,1.0
1428891511,1193.3,1302.1,1.2,1.3
1428891512,1201.8,1305.7,1.7,1.8
1428891513,1190.3,1306.3,1.2,1.1
1428891515,1190.7,1220.0,1.4,1.8
1428891516,2368.2,1219.0,2.0,1.2
1428891517,1978.0,1214.7,1.6,1.6
1428891518,1974.5,1219.0,1.2,1.0
1428891519,1980.6,1218.2,1.7,1.3
1428891520,1982.2,1213.5,1.3,1.7
1428891521,1995.0,1218.2,2.0,1.2
1428891522,1994.1,1222.7,1.5,1.5
1428891523,1990.4,1216.4,1.1,0.9
1428891524,1982.5,1227.9,1.6,1.3
1428891526,1983.8,1214.9,1.8,1.1
1428891527,1979.1,1217.8,1.3,1.5
1428891528,1968.0,1223.2,1.8,1.9
1428891529,1970.8,1214.4,1.4,1.2
1428891530,1968.3,1217.9,1.8,1.5
1428891531,1941.1,1215.0,1.9,1.3
1428891532,1938.0,1219.5,1.5,1.7
1428891533,1938.0,1219.5,1.5,1.7
1428891534,1924.1,1224.1,1.1,1.0
1428891535,1909.3,1219.3,1.6,1.4
1428891536,1921.9,1222.9,1.1,1.8
1428891537,1904.0,1223.2,1.8,1.2
1428891539,1881.6,1220.1,2.0,1.0
1428891540,1851.5,1218.5,1.2,1.6
1428891541,1851.5,1218.5,1.2,1.6
1428891542,1853.7,1218.7,1.7,0.9
1428891543,1844.0,1232.0,1.4,1.3
1428891544,1846.1,1219.3,1.9,1.7
1428891545,1848.3,1228.2,1.5,1.0
1428891546,1199.7,1230.1,1.1,1.3
1428891547,1191.2,1221.8,1.6,1.7
1428891548,1182.9,1222.9,1.1,1.1
1428891550,1193.8,1227.1,1.2,1.8
1428891551,1198.6,1233.1,1.8,1.0
1428891552,1189.5,1239.8,1.9,1.8
1428891553,1186.5,1393.3,1.4,1.1
1428891554,1182.4,1395.4,2.0,1.5
1428891555,1182.4,1395.4,2.0,1.5
1428891556,1192.7,1392.9,1.1,1.3
1428891557,1192.7,1392.9,1.1,1.3
1428891558,1188.7,1399.1,1.6,1.6
1428891559,1186.6,1394.2,1.8,1.5
1428891560,1186.6,1394.2,1.8,1.5
1428891561,1201.2,1393.4,1.4,0.9
1428891563,1202.2,1390.0,1.5,1.5
1428891564,1198.1,1393.9,1.6,1.2
1428891565,1198.1,1393.9,1.6,1.2
1428891566,1184.6,1396.6,1.8,1.8
1428891567,1184.6,1396.6,1.8,1.8
1428891568,1186.3,1391.5,1.4,1.2
1428891569,1181.1,1389.1,1.9,1.6
1428891570,1182.2,1395.6,1.4,1.1
1428891571,1192.2,1389.8,1.4,0.9
1428891572,1192.2,1389.8,1.4,0.9
1428891573,1181.3,1393.4,1.4,1.6
1428891575,1203.6,1390.1,2.0,1.0
1428891576,1208.0,1395.8,1.5,1.3
1428891577,1198.5,1393.9,1.1,1.7
1428891578,1192.3,1393.3,1.7,1.1
1428891579,1194.9,1396.5,1.3,1.5
1428891580,1181.1,1400.9,1.7,1.9
1428891581,1185.1,1394.2,1.2,1.3
1428891582,1183.5,1394.9,1.8,1.6
1428891583,1179.1,1400.2,1.8,1.4
1428891584,1179.1,1400.2,1.8,1.4
1428891585,1184.8,1399.4,1.4,1.8
1428891587,1188.8,1398.1,1.5,1.5
1428891588,1206.5,1402.9,1.2,1.0
1428891589,1207.4,1395.8,1.8,1.3
1428891590,1199.9,1392.6,1.2,1.7
1428891591,1196.7,1397.8,1.7,1.1
1428891592,1193.5,1396.8,1.3,1.5
1428891593,1183.0,1392.8,1.9,1.8
1428891594,1182.2,1404.1,1.4,1.2
1428891595,1185.9,1401.7,2.0,1.6
1428891596,1188.1,1391.7,1.5,0.9
1428891598,1184.7,1395.5,1.7,1.7
1428891599,1189.9,1390.8,1.3,1.1
1428891600,1195.9,1393.5,1.8,1.5
1428891601,1196.7,1393.6,1.3,0.9
1428891602,1201.8,1389.9,1.9,1.3
1428891603,1198.1,1393.5,1.4,1.6
1428891604,1200.4,1397.4,2.0,1.1
1428891605,1202.1,1393.2,1.5,1.4
1428891606,1198.1,1397.9,2.0,1.9
1428891607,1194.3,1396.8,1.6,1.2
1428891608,1193.3,1398.8,1.1,1.7
1428891610,1195.5,1396.8,1.1,1.4
1428891611,1193.2,1391.8,1.7,1.8
1428891612,1194.0,1395.1,1.3,1.1
1428891613,1186.5,1399.5,1.8,1.5
1428891614,1186.1,1408.2,1.9,1.2
1428891615,1190.7,1418.0,1.4,1.5
1428891616,1190.7,1418.0,1.4,1.5
1428891617,1210.6,1409.0,2.0,0.9
1428891618,1210.6,1413.6,1.5,1.2
1428891619,1199.3,1414.0,1.1,1.5
1428891620,1202.1,1406.8,1.7,1.8
1428891622,1219.2,1406.2,1.8,1.5
1428891623,1224.7,1400.8,1.3,0.9
1428891624,1227.2,1398.8,1.4,1.7
1428891625,1227.2,1398.8,1.4,1.7
1428891626,1228.9,1396.0,1.5,1.5
1428891627,1228.9,1396.0,1.5,1.5
1428891628,1223.8,1400.1,2.0,1.9
1428891629,1220.1,1400.1,1.4,1.3
1428891630,1228.0,1398.6,1.9,1.7
1428891631,1227.7,1396.9,1.4,1.1
1428891632,1226.1,1392.9,1.9,1.5
1428891633,1216.5,1393.6,1.5,0.8
1428891635,1220.4,1395.9,1.6,1.6
1428891636,1222.4,1401.0,1.1,1.1
1428891637,1226.2,1403.2,1.6,1.5
1428891638,1232.9,1394.4,1.2,0.9
1428891639,1227.1,1393.5,1.7,1.2
1428891640,1237.9,1398.3,1.1,1.6
1428891641,1222.5,1396.2,1.6,1.0
1428891642,1225.0,1394.2,1.2,1.4
1428891643,1216.2,1405.4,1.7,1.7
1428891644,1220.3,1401.5,1.2,1.0
1428891645,1212.3,1390.9,1.8,1.5
1428891647,1210.0,1391.3,1.7,1.3
1428891648,1234.7,1396.1,1.3,1.6
1428891649,1224.2,1406.7,1.8,1.0
1428891650,1229.2,1398.7,1.3,1.5
1428891651,1238.5,1403.4,1.9,1.8
1428891652,1235.0,1398.2,1.3,1.1
1428891653,1240.8,1394.5,1.8,1.6
1428891654,1234.6,1393.4,1.4,1.0
1428891655,1223.6,1402.2,1.8,1.4
1428891656,1225.5,1396.7,1.4,1.7
1428891657,1221.5,1393.9,1.9,1.1
1428891658,1225.5,1398.3,1.5,1.5
1428891659,1198.7,1395.5,2.0,1.9
1428891661,1193.2,1402.8,1.1,1.6
1428891663,1191.9,1396.5,1.9,1.5
1428891664,1189.2,1401.1,1.5,1.8
1428891665,1179.4,1406.9,2.0,1.3
1428891666,1186.7,1400.4,1.5,1.6
1428891667,1194.1,1401.8,2.0,1.0
1428891668,1190.6,1399.8,1.5,1.4
1428891669,1201.9,1397.7,2.1,1.8
1428891670,1187.5,1400.5,1.6,1.2
1428891671,1185.7,1402.1,1.2,1.6
1428891673,1188.8,1400.7,1.2,1.4
1428891674,1198.9,1399.9,1.8,1.8
1428891675,1193.1,1393.9,1.4,1.2
1428891676,1201.3,1402.4,2.0,1.5
1428891677,1205.0,1402.1,1.5,1.9
1428891678,1201.1,1415.3,1.0,1.2
1428891679,1192.0,1405.2,1.6,1.6
1428891680,1188.1,1399.4,1.1,1.0
1428891681,1188.8,1394.7,1.5,1.4
1428891682,1193.7,1399.3,1.0,1.8
1428891683,1188.9,1403.4,1.4,1.1
1428891685,1183.8,1397.6,1.5,0.9
1428891686,1181.8,1399.7,2.0,1.4
1428891687,1183.9,1394.6,1.5,1.8
1428891688,1183.8,1399.1,2.1,1.2
1428891689,1196.9,1401.8,1.6,1.7
1428891690,1185.1,1397.7,1.1,1.1
1428891691,1201.0,1407.9,1.7,1.5
1428891692,1189.3,1399.5,1.2,1.9
1428891693,1194.9,1397.2,1.7,1.3
1428891694,1192.3,1400.8,1.2,1.7
1428891695,1190.5,1402.1,1.7,1.1
1428891696,1187.3,1395.9,1.3,1.4
1428891698,1183.8,1402.4,1.3,1.1
1428891699,1185.0,1398.1,1.8,1.5
1428891700,1183.9,1400.2,1.3,1.9
1428891701,1209.1,1402.7,1.8,1.2
1428891702,1205.5,1395.5,1.4,1.6
1428891703,1208.3,1397.9,1.8,1.0
1428891704,1208.2,1405.4,1.3,1.4
1428891705,1207.3,1398.0,1.8,1.8
1428891706,1195.9,1398.4,1.2,1.2
1428891707,1193.6,1402.0,1.8,1.7
1428891709,1189.5,1398.9,1.7,1.4
1428891710,1192.5,1403.2,1.2,1.7
1428891711,1209.1,1401.8,1.7,1.1
1428891712,1207.5,1406.8,1.2,1.5
1428891713,1202.1,1401.1,1.7,1.0
1428891714,1202.6,1398.4,1.8,1.7
1428891715,1202.6,1398.4,1.8,1.7
1428891716,1196.4,1282.7,1.3,1.1
1428891717,1195.9,1235.0,1.9,1.5
1428891718,1191.0,1238.0,1.4,0.8
1428891719,1187.6,1238.2,1.8,1.2
1428891721,1186.6,1240.5,1.8,1.0
1428891722,1182.4,1239.1,1.3,1.4
1428891723,1185.9,1235.4,1.8,1.8
1428891724,1184.3,1236.1,1.3,1.2
1428891725,1182.8,1240.2,1.8,1.6
1428891726,1188.8,1249.2,1.3,1.0
1428891727,1185.2,1235.5,1.9,1.3
1428891728,1183.0,1240.3,1.4,1.7
1428891729,1189.7,1236.9,1.9,1.1
1428891730,1198.3,1235.1,1.5,1.4
1428891732,1194.4,1235.3,1.1,1.6
1428891733,1194.4,1235.3,1.1,1.6
1428891734,1189.5,1237.1,1.1,1.4
1428891735,1189.5,1237.1,1.1,1.4
1428891736,1194.9,1233.8,1.5,1.9
1428891737,1187.3,1238.8,1.5,1.6
1428891738,1188.8,1235.6,1.1,1.0
1428891739,1188.8,1235.6,1.1,1.0
1428891740,1191.7,1239.7,1.6,1.4
1428891742,1186.0,1235.1,1.7,1.3
1428891743,1187.8,1239.7,1.2,1.6
1428891744,1188.6,1234.6,1.2,1.4
1428891745,1199.0,1240.7,1.7,1.8
1428891746,1199.0,1240.7,1.7,1.8
1428891747,1195.5,1236.0,1.2,1.2
1428891748,1191.1,1233.3,1.7,1.7
1428891749,1185.3,1238.7,1.2,1.0
1428891750,1188.9,1239.4,1.7,1.4
1428891751,1190.4,1233.9,1.2,1.8
1428891753,1211.1,1237.6,1.1,1.4
1428891754,1199.5,1236.4,1.3,1.2
1428891755,1199.5,1236.4,1.3,1.2
1428891756,1193.7,1239.1,1.7,1.6
1428891757,1188.4,1233.4,1.3,0.9
1428891758,1183.9,1238.5,1.7,1.2
1428891759,1181.9,1236.7,1.3,1.6
1428891760,1180.1,1234.7,1.7,0.9
1428891761,1182.6,1237.3,1.3,1.2
1428891762,1180.0,1238.2,1.8,1.6
1428891764,1181.3,1238.4,1.9,1.5
1428891765,1187.7,1236.7,1.4,1.9
1428891766,1189.1,1232.3,2.0,1.2
1428891767,1194.6,1239.0,1.5,1.6
1428891768,1188.9,1241.7,1.1,1.1
1428891769,1188.0,1233.6,1.6,1.5
1428891770,1193.9,1237.0,1.2,0.9
1428891771,1193.6,1238.1,1.7,1.3
1428891772,1194.1,1232.7,1.2,1.8
1428891773,1179.6,1241.3,1.1,1.7
1428891775,1187.5,1236.2,1.7,1.0
1428891776,1192.3,1236.9,1.2,1.3
1428891777,1194.2,1239.4,1.8,1.7
1428891778,1196.7,1234.7,1.4,1.0
1428891779,1197.1,1244.7,1.9,1.3
1428891780,1200.8,1239.0,1.5,1.6
1428891781,1176.5,1235.7,1.5,1.3
1428891782,1176.5,1235.7,1.5,1.3
1428891783,1183.9,1239.4,2.0,1.7
1428891785,1183.5,1235.3,2.0,1.4
1428891786,1181.8,1241.6,1.5,1.7
1428891787,1180.1,1233.3,1.1,1.1
1428891788,1185.6,1236.5,1.7,1.5
1428891789,1184.4,1239.8,1.2,1.9
1428891790,1188.7,1232.9,1.8,1.2
1428891791,1190.4,1234.6,1.4,1.6
1428891792,1192.1,1238.6,1.9,1.0
1428891793,1198.6,1233.9,1.4,1.4
1428891794,1187.6,1235.0,2.0,1.8
1428891795,1182.7,1239.1,1.5,1.2
1428891797,1191.9,1235.5,1.6,0.9
1428891798,1188.6,1249.3,1.2,1.3
1428891799,1191.1,1235.0,1.6,1.6
1428891800,1181.1,1233.5,1.1,1.1
1428891801,1176.9,1237.7,1.6,1.4
1428891802,1184.6,1235.3,1.2,1.9
1428891803,1174.8,1236.8,1.7,1.3
1428891804,1175.0,1240.3,1.2,1.5
1428891806,1184.6,1233.6,1.3,1.3
1428891807,1181.3,1238.2,1.8,1.7
1428891808,1173.3,1234.5,1.3,1.1
1428891809,1182.0,1235.2,1.9,1.5
1428891810,1181.1,1240.7,1.3,1.8
1428891811,1189.0,1234.9,1.9,1.2
1428891812,1178.2,1232.5,1.3,1.6
1428891813,1180.1,1238.8,1.8,1.0
1428891814,1180.6,1235.9,1.3,1.3
1428891816,1178.9,1240.3,1.4,1.1
1428891817,1182.2,1238.3,1.9,1.4
1428891818,1183.9,1234.1,1.4,1.6
1428891819,1183.9,1246.2,1.9,1.0
1428891820,1184.4,1241.0,1.4,1.5
1428891821,1179.4,1232.8,1.9,1.8
1428891822,1193.1,1236.7,1.4,1.2
1428891823,1188.5,1234.1,1.4,1.8
1428891824,1188.5,1234.1,1.4,1.8
1428891825,1183.7,1240.5,2.0,1.1
1428891827,1182.6,1239.0,1.1,0.9
1428891828,1181.8,1241.5,1.6,1.3
1428891829,1173.8,1239.9,1.6,1.0
1428891830,1173.8,1239.9,1.6,1.0
1428891831,1173.8,1239.9,1.2,1.3
1428891832,1182.0,1238.2,1.7,1.7
1428891833,1191.4,1241.3,1.2,1.0
1428891835,1195.3,1237.0,1.3,1.8
1428891836,1189.8,1239.3,1.3,1.5
1428891837,1189.8,1239.3,1.3,1.5
1428891838,1190.4,1236.5,1.3,1.3
1428891840,1183.2,1228.0,1.8,1.6
1428891841,1176.9,1229.5,1.3,1.0
1428891842,1180.1,1233.9,1.7,1.4
1428891843,1176.4,1233.0,1.2,1.9
1428891844,1177.8,1237.5,1.6,1.2
1428891845,1178.3,1218.8,1.1,1.6
1428891846,1180.3,1209.2,1.6,1.0
1428891848,1195.6,1215.7,1.1,1.3
1428891849,1195.6,1215.7,1.1,1.3
1428891850,1180.1,1236.6,1.5,1.7
1428891851,1185.9,1233.5,1.1,1.1
1428891852,1185.4,1210.9,1.5,1.5
1428891853,1182.8,1204.0,1.0,1.0
1428891854,1181.3,1204.4,1.5,1.4
1428891856,1211.6,1201.5,1.5,1.3
1428891857,1193.9,1197.1,1.0,1.6
1428891858,1179.7,1203.9,1.9,1.3
1428891859,1189.3,1198.3,1.4,1.7
1428891860,1189.3,1198.3,1.4,1.7
1428891861,1192.1,1201.0,1.4,1.5
1428891862,1192.1,1201.0,1.4,1.5
1428891863,1185.6,1196.1,1.9,1.0
1428891864,1178.9,1199.7,1.4,1.3
1428891866,1179.3,1196.7,1.3,1.1
1428891867,1184.2,1195.5,1.8,1.4
1428891868,1183.6,1200.3,1.3,1.8
1428891869,1174.9,1194.4,1.8,1.2
1428891870,1179.4,1196.7,1.3,1.6
1428891871,1172.1,1197.9,1.7,1.0
1428891872,1171.2,1192.4,1.2,1.4
1428891873,1172.0,1201.9,1.6,1.8
1428891874,1174.8,1205.9,1.1,1.3
1428891876,1207.4,1201.4,1.0,1.2
1428891877,1178.9,1194.4,1.9,0.9
1428891878,1178.9,1194.4,1.9,0.9
1428891879,1177.9,1194.0,1.3,1.3
1428891880,1185.6,1201.4,1.7,1.8
1428891881,1197.5,1196.3,1.7,1.6
1428891882,1197.5,1196.3,1.7,1.6
1428891883,1179.3,1204.2,1.2,0.9
1428891884,1171.1,1196.8,1.7,1.3
1428891886,1171.8,1201.0,1.2,1.5
1428891887,1172.7,1198.9,1.6,0.9
1428891888,1172.7,1198.9,1.6,0.9
1428891889,1167.8,1207.8,1.1,1.3
1428891890,1168.4,1202.7,1.6,1.8
1428891891,1167.7,1196.4,1.1,1.1
1428891892,1167.0,1202.9,1.6,1.5
1428891893,1168.5,1198.0,1.1,1.8
1428891895,1163.2,1202.5,1.0,1.6
1428891896,1173.8,1206.1,1.5,1.0
1428891897,1177.3,1201.3,1.0,1.5
1428891898,1177.7,1203.5,1.5,1.9
1428891899,1182.2,1200.2,1.1,1.3
1428891900,1183.1,1196.8,1.6,1.7
1428891901,1181.6,1206.5,1.1,1.1
1428891902,1177.0,1201.7,1.5,1.5
1428891903,1174.3,1204.7,1.0,1.0
1428891905,1174.7,1200.9,1.9,1.8
1428891906,1182.8,1200.4,1.3,1.2
1428891907,1183.2,1204.2,1.9,1.6
1428891908,1180.0,1205.8,1.3,0.9
1428891909,1174.9,1202.1,1.8,1.3
1428891910,1177.7,1203.4,1.2,1.7
1428891911,1174.9,1202.2,1.7,1.2
1428891912,1190.3,1200.1,1.3,1.5
1428891913,1195.9,1201.8,1.8,1.0
1428891915,1180.4,1202.2,1.8,1.8
1428891916,1172.8,1204.5,1.3,1.3
1428891917,1177.2,1205.3,1.3,1.1
1428891918,1177.2,1205.3,1.3,1.1
1428891919,1173.0,1201.0,1.7,1.5
1428891920,1183.2,1200.9,1.1,1.8
1428891921,1182.8,1195.3,1.6,1.2
1428891923,1177.1,1205.4,1.6,1.1
1428891924,1174.8,1207.6,1.1,1.6
1428891925,1170.7,1207.9,1.5,1.0
1428891926,1176.3,1206.1,2.0,1.5
1428891927,1174.0,1215.4,1.5,1.9
1428891928,1180.4,1211.9,2.0,1.2
1428891929,1177.8,1205.6,1.4,1.6
1428891930,1175.4,1199.3,1.8,1.0
1428891932,1179.2,1198.9,1.2,1.3
1428891933,1179.2,1198.9,1.2,1.3
1428891934,1182.4,1204.7,1.7,1.7
1428891935,1183.0,1203.7,1.1,1.2
1428891936,1192.7,1200.6,1.6,1.5
1428891937,1193.1,1200.7,1.0,1.9
1428891938,1191.4,1202.3,1.4,1.3
1428891939,1189.9,1197.3,1.9,1.6
1428891941,1183.9,1199.4,1.1,1.7
1428891942,1178.1,1205.2,1.5,1.1
1428891943,1178.1,1205.2,1.5,1.1
1428891944,1169.9,1204.5,0.9,1.6
1428891945,1175.5,1198.5,1.4,0.9
1428891946,1172.7,1202.3,2.0,1.3
1428891947,1165.6,1205.7,1.5,1.7
1428891948,1160.2,1200.3,1.0,1.1
1428891949,1191.1,1205.7,0.9,1.9
1428891951,1184.5,1198.1,1.4,1.3
1428891952,1184.8,1200.7,2.0,1.8
1428891953,1186.0,1204.8,1.5,1.3
1428891954,1182.4,1200.6,1.9,1.6
1428891955,1181.9,1199.2,1.4,1.1
1428891956,1186.5,1201.9,1.4,0.9
1428891957,1181.8,1202.1,1.9,1.3
1428891958,1181.8,1202.1,1.9,1.3
1428891960,1182.9,1206.1,1.8,1.2
1428891961,1185.0,1198.4,1.2,1.7
1428891962,1185.0,1201.2,1.3,1.4
1428891963,1185.0,1201.2,1.3,1.4
1428891964,1188.8,1206.1,1.7,1.9
1428891965,1195.1,1205.9,1.1,1.2
1428891966,1189.7,1207.7,1.6,1.5
1428891967,1185.9,1203.2,1.1,0.9
1428891969,1180.8,1202.4,1.1,1.8
1428891970,1195.8,1197.0,1.6,1.2
1428891971,1199.2,1204.8,1.1,1.6
1428891972,1199.5,1197.9,1.5,1.1
1428891973,1196.7,1194.3,2.0,1.4
1428891974,1205.0,1203.9,1.5,1.9
1428891975,1199.1,1196.9,0.9,1.3
1428891976,1198.1,1194.7,1.4,1.7
1428891978,1187.8,1200.0,1.2,1.5
1428891979,1198.5,1192.3,1.7,0.9
1428891980,1186.1,1194.5,1.8,1.7
1428891981,1186.1,1194.5,1.8,1.7
1428891982,1187.5,1194.5,1.2,1.1
1428891983,1184.7,1198.9,1.7,1.5
1428891984,1196.5,1196.7,1.2,2.0
1428891985,1193.4,1193.7,1.7,1.4
1428891987,1182.7,1193.5,1.6,1.3
1428891988,1184.9,1189.8,1.1,1.8
1428891989,1195.7,1196.0,1.6,1.2
1428891990,1189.5,1187.5,1.5,1.0
1428891991,1187.6,1196.5,2.0,1.4
1428891992,1187.6,1196.5,2.0,1.4
1428891993,1182.4,1190.9,1.4,1.7
1428891995,1181.6,1195.3,1.4,1.4
1428891996,1203.3,1194.2,1.3,1.2
1428891997,1203.3,1194.2,1.3,1.2
1428891998,1200.1,1190.6,1.8,1.6
1428891999,1198.9,1190.8,1.3,1.1
1428892000,1198.3,1185.7,1.6,1.5
1428892001,1199.9,1190.4,1.0,0.9
1428892003,1193.6,1184.0,1.9,1.8
1428892004,1208.3,1190.9,1.8,1.6
1428892005,1208.3,1190.9,1.8,1.6
1428892006,1202.0,1187.3,1.3,1.1
1428892007,1202.9,1187.6,1.8,1.5
1428892009,1203.3,1183.1,1.9,1.3
1428892010,1206.0,1187.3,1.3,1.7
1428892011,1199.9,1189.2,1.8,1.0
1428892012,1201.5,1183.9,1.3,1.4
1428892014,1203.3,1188.3,1.2,1.2
1428892015,1205.1,1184.9,1.8,1.6
1428892016,1190.2,1184.6,1.3,1.0
1428892017,1188.3,1180.2,1.1,1.8
1428892018,1188.3,1180.2,1.1,1.8
1428892019,1190.6,1187.0,1.5,1.0
1428892020,1187.1,1187.9,2.1,1.3
1428892022,1187.0,1182.7,1.0,1.0
1428892023,1194.1,1186.0,1.4,1.4
1428892024,1202.8,1186.0,1.5,1.1
1428892025,1201.1,1182.5,1.4,1.8
1428892026,1201.1,1182.5,1.4,1.8
1428892027,1201.1,1182.5,1.4,1.8
1428892028,1197.1,1182.3,1.9,1.3
1428892029,1192.2,1186.7,1.3,1.7
1428892031,1177.1,1183.1,1.3,1.6
1428892032,1168.3,1186.1,1.7,1.0
1428892033,1182.0,1179.2,1.2,1.4
1428892034,1181.3,1183.6,1.6,1.8
1428892035,1176.2,1186.7,1.1,1.3
1428892036,1177.6,1182.0,1.6,1.7
1428892037,1184.3,1186.2,1.5,1.5
1428892038,1184.3,1186.2,1.5,1.5
1428892040,1187.6,1179.6,1.4,1.3
1428892041,1184.7,1187.3,2.0,1.9
1428892042,1187.4,1181.3,1.4,1.3
1428892043,1154.6,1185.1,1.5,1.1
1428892044,1154.6,1185.1,1.5,1.1
1428892045,1154.5,1180.8,1.0,1.5
1428892046,1148.3,1184.2,2.0,1.2
1428892048,1154.1,1182.1,1.5,1.5
1428892049,1146.9,1180.3,2.0,1.9
1428892050,1153.3,1183.8,1.5,1.4
1428892051,1165.3,1179.1,1.1,1.9
1428892052,1165.9,1183.6,1.1,1.7
1428892053,1164.2,1180.0,1.6,1.0
1428892054,1164.2,1180.0,1.6,1.0
1428892055,1165.0,1185.2,1.6,1.8
1428892056,1165.0,1185.2,1.6,1.8
1428892058,1157.4,1175.3,1.6,1.6
1428892059,1161.7,1193.4,1.6,1.4
1428892060,1161.7,1193.4,1.6,1.4
1428892061,1155.1,1205.6,1.2,1.7
1428892062,1160.8,1213.4,1.8,1.1
1428892063,1163.8,1208.5,1.4,1.5
1428892064,1156.7,1203.5,1.9,1.8
1428892065,1154.2,1210.2,1.6,1.1
1428892067,1156.8,1204.4,1.7,1.9
1428892068,1153.3,1212.0,1.3,1.2
1428892069,1151.7,1209.8,1.8,1.6
1428892070,1158.6,1205.7,1.3,0.9
1428892071,1154.5,1210.0,1.8,1.3
1428892072,1157.7,1208.6,1.4,1.7
1428892073,1158.4,1203.3,2.0,1.2
1428892074,1159.1,1209.5,1.5,1.6
1428892076,1169.3,1203.5,1.7,1.3
1428892077,1159.9,1209.1,1.2,1.7
1428892078,1146.4,1203.9,1.2,1.4
1428892079,1146.4,1203.9,1.2,1.4
1428892080,2126.5,1208.0,1.3,1.2
1428892081,2138.7,1204.0,1.8,1.4
1428892082,2136.5,1211.1,1.4,1.8
1428892084,2138.4,1211.1,1.9,1.1
1428892085,2131.5,1216.6,1.1,1.8
1428892086,2131.5,1216.6,1.1,1.8
1428892087,2149.2,1206.8,1.3,1.5
1428892088,2155.3,1207.2,1.8,1.8
1428892089,2155.3,1207.2,1.8,1.8
1428892090,2146.8,1207.1,1.9,1.6
1428892092,2137.0,1209.3,1.9,1.3
1428892093,2141.5,1203.8,1.5,1.6
1428892094,2141.5,1203.8,1.5,1.6
1428892095,2140.6,1208.7,1.6,1.2
1428892096,2140.6,1208.7,1.6,1.2
1428892097,2136.2,1206.1,1.1,1.6
1428892098,2129.2,1208.8,1.2,1.4
1428892099,2151.2,1203.6,1.7,1.7
1428892101,2135.9,1207.5,1.3,1.1
1428892102,2132.8,1202.5,1.5,1.8
1428892103,2132.8,1202.5,1.5,1.8
1428892104,2135.9,1208.8,2.0,1.1
1428892105,2142.8,1204.0,1.0,1.8
1428892106,2142.8,1204.0,1.0,1.8
1428892108,2134.9,1210.6,1.1,1.5
1428892109,2132.4,1203.2,1.6,0.9
1428892110,2136.3,1206.8,1.2,1.2
1428892111,2144.2,1209.4,1.7,1.6
1428892112,2135.6,1206.2,1.8,1.2
1428892113,2135.6,1206.2,1.8,1.2
1428892114,2131.6,1209.3,1.3,1.5
1428892115,2125.0,1204.0,1.8,0.8
1428892117,2124.6,1207.8,1.8,1.5
1428892118,2141.3,1206.4,1.4,0.8
1428892119,2139.0,1208.3,1.9,1.3
1428892120,2142.1,1209.5,1.4,1.7
1428892121,2155.0,1205.0,1.9,0.9
1428892122,2146.4,1204.9,1.5,1.3
1428892123,2140.3,1209.4,2.0,1.6
1428892124,2143.0,1204.5,1.5,0.9
1428892126,2140.3,1205.2,1.2,1.0
1428892127,2140.3,1205.2,1.2,1.0
1428892128,2137.7,1206.7,1.8,1.3
1428892129,2145.6,1205.6,1.7,1.1
1428892130,2145.6,1205.6,1.7,1.1
1428892132,2152.3,1209.4,1.9,1.7
1428892133,2151.1,1206.7,1.5,1.1
1428892134,2153.0,1203.4,2.0,1.5
1428892136,2141.1,1209.6,1.1,1.2
1428892137,2134.9,1201.4,1.6,1.5
1428892138,2131.3,1208.2,1.1,0.9
1428892139,2133.3,1220.6,1.7,1.2
1428892140,2132.1,1208.3,1.2,1.6
1428892141,2129.6,1210.2,1.8,0.9
1428892142,2128.7,1205.0,1.3,1.3
1428892144,2131.4,1209.6,1.3,1.0
1428892145,2135.2,1205.2,1.9,1.4
1428892146,2139.6,1203.1,1.5,1.8
1428892147,2138.9,1214.9,1.1,1.1
1428892148,2145.9,1210.3,1.2,1.8
1428892149,2145.9,1210.3,1.2,1.8
1428892150,2144.4,1208.2,1.7,1.1
1428892152,2151.0,1202.0,1.8,0.9
1428892153,2145.2,1206.6,1.2,1.3
1428892154,2153.1,1212.1,1.8,1.6
1428892155,2136.2,1200.9,1.2,1.0
1428892156,2129.3,1207.1,1.7,1.3
1428892157,2133.8,1202.7,1.8,1.1
1428892158,2133.8,1202.7,1.8,1.1
1428892160,2148.3,1208.2,1.9,1.9
1428892161,2142.0,1214.2,1.5,1.2
1428892162,2144.6,1211.4,2.0,1.6
1428892163,2143.9,1215.3,1.5,0.9
1428892164,2135.7,1210.2,1.1,1.3
1428892165,2138.8,1207.6,1.7,1.6
1428892167,2126.3,1203.0,1.9,1.1
1428892168,2123.6,1208.3,1.4,1.4
1428892169,2116.0,1212.2,1.6,1.1
1428892170,2116.0,1212.2,1.6,1.1
1428892171,2119.8,1206.0,1.1,1.4
1428892172,2119.6,1207.5,1.7,1.7
1428892174,2111.7,1210.6,1.4,1.8
1428892175,2111.7,1210.6,1.4,1.8
1428892176,2114.8,1200.5,1.9,1.2
1428892177,2112.5,1213.8,1.5,1.5
1428892178,2118.1,1214.0,2.1,0.8
1428892179,2115.3,1199.9,1.7,1.3
1428892180,2111.0,1205.5,1.2,1.6
1428892182,2114.3,1204.4,1.3,1.3
1428892183,2116.4,1205.7,1.8,1.7
1428892184,2115.8,1213.5,1.3,1.1
1428892185,2114.8,1200.8,1.8,1.4
1428892186,2130.7,1206.0,2.0,1.2
1428892187,2130.7,1206.0,2.0,1.2
1428892188,2123.2,1207.1,1.2,1.0
1428892190,2119.2,1208.5,1.7,1.5
1428892191,2122.4,1203.1,1.2,1.8
1428892192,2125.8,1208.1,1.3,1.6
1428892193,2125.8,1208.1,1.3,1.6
1428892194,2121.7,1202.5,1.8,1.0
1428892195,2124.4,1204.2,1.3,1.4
1428892196,2123.2,1201.8,1.4,1.0
1428892197,2125.6,1210.9,1.9,1.4
1428892198,2125.6,1210.9,1.9,1.4
1428892200,2120.6,1202.8,1.4,1.5
1428892201,2120.6,1202.8,1.4,1.5
1428892202,2123.8,1206.3,2.0,0.8
1428892203,2122.4,1209.2,1.5,1.1
1428892204,2125.9,1210.9,2.0,1.4
1428892205,2128.3,1216.4,1.6,1.7
1428892206,2123.5,1176.8,1.6,1.4
1428892207,2123.5,1176.8,1.6,1.4
1428892209,2128.7,1172.8,1.7,1.2
1428892210,2131.6,1175.4,1.2,1.6
1428892211,2126.5,1181.1,1.8,1.0
1428892212,2132.8,1183.1,1.4,1.4
1428892213,2152.7,1184.0,1.9,1.7
1428892214,2133.7,1178.4,1.4,1.0
1428892215,2129.6,1176.9,1.9,1.4
1428892216,2122.2,1172.9,1.4,1.7
1428892217,2120.9,1180.3,1.9,1.0
1428892218,2136.4,1177.0,1.5,1.3
1428892220,2134.7,1194.0,1.0,1.3
1428892221,2134.7,1194.0,1.0,1.3
1428892222,2127.7,1190.9,1.4,1.8
1428892223,2123.8,1187.0,1.9,1.2
1428892224,2120.7,1178.0,1.5,1.6
1428892225,2123.3,1172.8,2.0,1.0
1428892226,2126.6,1184.9,1.5,1.4
1428892227,2122.7,1183.9,2.0,1.8
1428892228,2128.3,1170.6,1.5,1.2
1428892230,2123.2,1174.4,1.5,0.9
1428892231,2127.9,1175.7,1.0,1.4
1428892232,2126.0,1178.8,1.6,1.9
1428892233,2128.3,1183.1,1.1,1.3
1428892234,2121.7,1180.4,1.6,1.7
1428892235,2122.8,1174.3,1.7,1.6
1428892236,2125.7,1172.7,1.1,0.9
1428892237,2125.7,1172.7,1.1,0.9
1428892238,2125.2,1179.6,1.7,1.3
1428892240,2126.1,1178.4,1.6,1.1
1428892241,2125.4,1177.7,1.2,1.5
1428892242,2125.7,1173.7,1.2,1.3
1428892243,2125.7,1173.7,1.2,1.3
1428892244,2123.5,1177.1,1.7,1.7
1428892245,2121.8,1180.3,1.2,1.1
1428892246,2122.4,1184.1,1.3,0.9
1428892247,2122.4,1184.1,1.3,0.9
1428892248,2137.0,1171.6,1.3,1.8
1428892250,2137.6,1177.1,1.4,1.5
1428892251,2126.5,1174.2,1.9,0.9
1428892252,2126.5,1174.2,1.9,0.9
1428892253,2121.9,1175.1,1.4,1.3
1428892254,2122.1,1174.8,1.9,1.6
1428892255,2126.9,1171.1,1.4,1.0
1428892256,2125.9,1174.7,1.9,1.4
1428892257,2118.2,1174.9,1.4,1.9
1428892258,2119.0,1171.0,2.0,1.2
1428892260,2142.7,1177.0,1.1,1.0
1428892261,2137.7,1179.6,1.6,1.4
1428892262,2131.7,1183.4,1.2,1.8
1428892263,2148.4,1179.2,1.7,1.1
1428892264,2141.6,1173.2,1.2,1.5
1428892265,2139.9,1174.3,1.7,1.8
1428892266,2130.3,1180.1,1.2,1.2
1428892267,2136.5,1175.1,1.8,1.6
1428892269,2127.3,1194.1,1.8,1.3
1428892270,2132.1,1197.8,1.3,1.7
1428892271,2133.4,1202.0,1.8,1.1
1428892272,2131.8,1204.8,1.3,1.4
1428892273,2134.4,1202.1,1.9,1.7
1428892274,2129.3,1214.6,1.1,1.4
1428892275,2129.3,1214.6,1.1,1.4
1428892276,2130.2,1207.8,1.8,1.8
1428892277,2129.5,1201.2,1.3,1.1
1428892279,2129.7,1201.3,1.4,1.8
1428892280,2128.9,1204.3,1.9,1.1
1428892281,2130.6,1206.1,1.5,1.4
1428892282,2135.4,1200.6,2.0,1.8
1428892283,2124.9,1214.3,1.1,1.5
1428892284,2124.9,1214.3,1.1,1.5
1428892285,2125.4,1202.3,1.7,1.8
1428892286,2124.0,1207.2,1.8,1.4
1428892288,2131.3,1201.5,1.4,1.7
1428892289,2129.2,1201.2,2.0,0.9
1428892290,2124.4,1200.9,1.1,1.7
1428892291,2122.0,1198.5,1.6,1.1
1428892292,2122.0,1198.5,1.6,1.1
1428892293,2121.5,1204.5,1.8,1.9
1428892294,2121.5,1204.5,1.8,1.9
1428892295,2117.4,1201.0,1.3,1.4
1428892296,2110.3,1204.7,1.9,1.7
1428892298,2129.2,1204.1,1.5,1.7
1428892299,2129.2,1204.1,1.5,1.7
1428892300,2130.6,1200.9,1.1,1.0
1428892301,2129.0,1201.3,1.7,1.4
1428892302,2121.0,1206.3,1.2,1.8
1428892303,2123.2,1201.6,1.6,1.2
1428892305,2125.6,1203.5,1.2,1.3
1428892306,2121.2,1207.8,1.7,1.6
1428892307,2121.2,1207.8,1.7,1.6
1428892309,2121.6,1203.7,1.8,1.4
1428892310,2119.8,1199.5,1.4,1.8
1428892311,2124.7,1201.6,1.5,1.5
1428892312,2124.7,1201.6,1.5,1.5
1428892313,2119.3,1195.5,1.1,0.9
1428892314,2120.9,1206.8,1.1,1.6
1428892315,2120.9,1206.8,1.1,1.6
1428892316,2118.7,1199.2,1.7,0.9
1428892318,2120.1,1203.4,1.8,1.7
1428892319,2118.6,1200.7,1.3,1.1
1428892320,2115.9,1207.5,1.9,1.5
1428892321,2110.3,1206.8,1.4,0.9
1428892322,2113.8,1200.6,2.0,1.2
1428892323,2116.0,1205.2,1.5,1.7
1428892324,2118.9,1205.4,2.1,1.1
1428892325,2120.3,1203.8,1.3,1.7
1428892326,2120.3,1203.8,1.3,1.7
1428892328,2125.6,1199.8,1.3,1.6
1428892329,2123.6,1204.6,1.8,0.9
1428892330,2134.3,1198.0,1.9,1.6
1428892331,2134.3,1198.0,1.9,1.6
1428892332,2136.5,1200.8,1.4,1.1
1428892333,2123.9,1203.2,2.0,1.5
1428892334,2117.4,1197.7,1.6,1.8
1428892335,2126.8,1204.6,1.1,1.1
1428892336,2122.0,1205.8,1.6,1.5
1428892338,2130.3,1204.6,1.3,1.5
1428892339,2130.3,1204.6,1.3,1.5
1428892340,2128.5,1202.5,1.4,1.2
1428892341,2128.5,1202.5,1.4,1.2
1428892342,2128.9,1203.2,2.0,1.6
1428892343,2128.2,1200.1,1.5,0.9
1428892344,2125.8,1203.6,1.1,1.3
1428892345,2123.9,1206.5,1.6,1.7
1428892346,2125.2,1201.6,1.7,1.4
1428892348,2127.3,1206.8,1.2,1.8
1428892349,2122.0,1203.6,1.4,1.5
1428892350,2122.0,1203.6,1.4,1.5
1428892351,2115.6,1200.2,1.6,1.2
1428892352,2115.6,1200.2,1.6,1.2
1428892353,2122.4,1205.3,1.7,0.9
1428892354,2122.4,1205.3,1.7,0.9
1428892355,2119.2,1201.1,1.3,1.3
1428892356,2121.9,1202.2,1.9,1.7
1428892358,2128.0,1200.3,1.5,1.8
1428892359,2123.5,1206.1,1.1,1.1
1428892360,2119.3,1201.3,1.6,1.5
1428892361,2119.3,1201.3,1.6,1.5
1428892362,2119.7,1205.6,1.7,1.3
1428892363,2130.7,1200.2,1.3,1.7
1428892364,2130.7,1200.2,1.3,1.7
1428892365,2139.2,1204.1,1.9,1.0
1428892366,2124.3,1206.5,1.4,1.3
1428892367,2123.4,1199.3,2.0,1.7
1428892369,2121.2,1205.4,1.2,1.4
1428892370,2122.5,1199.8,1.7,1.8
1428892371,2140.3,1204.8,1.8,1.6
1428892372,2140.3,1204.8,1.8,1.6
1428892373,2126.3,1200.3,1.9,1.2
1428892374,1820.2,1205.9,1.5,1.5
1428892375,1820.2,1205.9,1.5,1.5
1428892376,1157.2,1200.8,1.1,1.8
1428892377,1150.1,1194.8,1.6,1.1
1428892378,1149.2,1203.1,1.1,1.5
1428892380,1165.0,1204.8,1.2,1.1
1428892381,1158.1,1202.5,1.8,1.5
1428892382,1139.9,1198.5,1.3,1.8
1428892383,1145.7,1194.8,1.9,1.2
1428892384,1148.9,1203.1,2.0,0.9
1428892385,1142.4,1199.8,1.5,1.3
1428892386,1142.4,1199.8,1.5,1.3
1428892387,1148.0,1206.4,1.1,1.6
1428892388,1144.8,1200.2,1.6,1.0
1428892390,1154.5,1201.8,1.6,1.9
1428892391,1148.1,1197.7,1.2,1.2
1428892392,1145.1,1197.1,1.8,1.5
1428892393,1147.3,1199.2,1.8,1.3
1428892394,1147.3,1199.2,1.8,1.3
1428892395,1146.9,1195.7,1.3,1.7
1428892396,1144.6,1203.4,1.8,1.0
1428892397,1145.6,1199.2,1.9,1.8
1428892398,1145.6,1199.2,1.9,1.8
1428892400,1144.5,1202.8,2.1,1.6
1428892401,1145.3,1196.1,1.6,0.9
1428892402,1144.6,1202.7,1.2,1.3
1428892403,1140.4,1197.8,1.3,1.0
1428892404,1140.4,1197.8,1.3,1.0
1428892405,1149.5,1202.1,1.3,1.8
1428892406,1149.5,1202.1,1.3,1.8
1428892407,1147.2,1172.3,1.4,1.6
1428892408,1147.2,1172.3,1.4,1.6
1428892409,1144.4,1172.4,1.9,1.1
1428892411,1148.1,1172.6,2.0,1.8
1428892412,1146.0,1172.2,1.5,1.2
1428892413,1161.7,1168.7,1.0,1.7
1428892414,1152.2,1173.7,1.5,1.1
1428892415,1165.1,1167.8,1.4,1.1
1428892416,1165.1,1167.8,1.4,1.1
1428892417,1154.9,1172.3,1.9,1.5
1428892418,1153.2,1174.9,1.5,1.9
1428892419,1152.6,1167.7,2.0,1.3
1428892421,1152.7,1174.8,2.0,1.3
1428892422,1166.3,1171.6,2.0,0.9
1428892423,1148.2,1173.9,1.5,1.3
1428892424,1141.8,1167.7,1.0,1.7
1428892425,1141.8,1167.7,1.0,1.7
1428892426,1136.3,1173.8,1.9,1.4
1428892427,1142.9,1172.0,1.5,1.8
1428892428,1142.9,1172.0,1.5,1.8
1428892429,1151.4,1170.8,2.1,1.3
1428892431,1142.0,1174.7,1.9,1.0
1428892432,1138.6,1169.7,1.5,1.4
1428892433,1140.8,1170.8,2.0,1.8
1428892434,1144.3,1167.6,1.6,1.2
1428892435,1141.9,1174.3,1.1,1.6
1428892436,1142.5,1168.5,1.1,1.4
1428892437,1142.5,1168.5,1.1,1.4
1428892438,1143.6,1171.0,1.6,1.8
1428892439,1139.7,1175.1,1.0,1.1
1428892440,1140.9,1172.0,1.5,1.5
1428892442,1141.0,1176.3,1.5,1.3
1428892443,1144.6,1169.2,2.0,1.7
1428892444,1140.9,1174.6,1.0,1.6
1428892445,1140.9,1174.6,1.0,1.6
1428892446,1143.9,1168.5,1.5,1.0
1428892447,1144.2,1172.9,2.1,1.3
1428892448,1144.4,1174.1,1.6,1.8
1428892449,1147.1,1173.8,1.1,1.3
1428892450,1140.5,1167.2,1.6,1.6
1428892452,1132.0,1178.1,1.6,1.5
1428892453,1135.0,1170.5,1.2,1.8
1428892454,1130.6,1170.5,1.1,1.7
1428892455,1130.6,1170.5,1.1,1.7
1428892456,1134.0,1172.6,1.2,1.4
1428892457,1139.5,1177.4,1.8,1.7
1428892458,1138.0,1178.9,1.3,1.2
1428892459,1138.0,1178.9,1.3,1.2
1428892460,1140.5,1175.6,1.8,1.6
1428892462,1150.1,1168.2,1.8,1.4
1428892463,1142.7,1182.0,1.3,1.7
1428892464,1139.3,1170.9,1.9,1.1
1429038617,738.6,1789.6,-410.2,-412.1
1429038623,779.4,1824.6,-370.6,-373.2
1429038624,782.4,1832.1,-368.6,-370.9
1429038625,784.6,1834.8,-365.0,-367.1
1429038627,788.1,1837.5,-366.6,-367.9
1429038628,786.8,1839.8,-366.0,-368.0
1429038629,787.8,1835.9,-366.2,-368.0
1429038630,789.8,1843.5,-365.8,-367.3
1429038631,791.1,1838.6,-364.3,-366.5
1429038632,793.4,1838.4,-364.7,-366.6
1429038633,793.4,1844.0,-365.0,-366.6
1429038634,795.2,1843.5,-365.0,-366.2
1429038635,795.2,1844.8,-365.4,-367.3
1429038636,794.0,1847.1,-366.6,-368.3
1429038637,794.5,1843.9,-367.2,-369.6
1429038638,793.3,1842.4,-368.6,-369.8
1429038639,795.9,1849.9,-366.5,-368.5
1429038640,794.6,1842.0,-367.6,-369.3
1429038641,792.9,1840.9,-367.6,-370.0
1429038642,792.1,1844.0,-367.4,-369.5
1429038643,792.9,1843.8,-368.2,-369.9
1429038644,794.1,1842.3,-367.0,-368.5
1429038645,795.8,1849.1,-367.2,-369.2
1429038646,793.7,1839.8,-367.5,-369.2
1429038647,791.5,1842.5,-368.8,-371.3
1429038648,788.8,1840.4,-371.1,-373.2
1429038649,789.1,1836.4,-372.4,-374.2
1429038650,788.6,1839.1,-374.3,-375.8
1429038651,784.9,1834.7,-376.7,-377.9
1429038652,781.3,1830.2,-379.7,-381.6
1429038653,777.4,1825.3,-382.9,-384.6
1429038654,778.1,1827.3,-383.7,-385.2
1429038655,779.0,1823.9,-384.2,-386.4
1429038656,777.3,1833.1,-384.4,-386.4
1429038657,778.8,1825.9,-384.2,-385.9
1429038658,777.5,1826.1,-383.2,-384.8
1429038659,780.3,1830.0,-379.6,-380.7
1429038660,795.1,1840.4,-365.5,-367.6
1429038661,805.9,1852.6,-356.0,-357.7
