2.3256e+07,6.1617
2.3256e+07,6.1817
2.3256e+07,118
2.3256e+07,155.95
2.3256e+07,155.75
2.3256e+07,155.42
2.3256e+07,155.22
2.3256e+07,155.13
2.3256e+07,155.09
2.3256e+07,154.89
2.3256e+07,154.75
2.3256e+07,154.68
2.3256e+07,154.78
2.3256e+07,154.86
2.3256e+07,154.9
2.3256e+07,154.75
2.3256e+07,94.172
2.3256e+07,4.3933
2.3256e+07,4.1967
2.3256e+07,4.2117
2.3256e+07,4.1833
2.3256e+07,4.2333
2.3256e+07,4.16
2.3256e+07,4.2233
2.3256e+07,4.2083
2.3256e+07,4.21
2.3256e+07,60.242
2.3256e+07,109.2
2.3256e+07,113.95
2.3256e+07,101.37
2.3256e+07,98.785
2.3256e+07,102.91
2.3256e+07,118.58
2.3256e+07,122.61
2.3256e+07,124.8
2.3256e+07,126.14
2.3256e+07,126.88
2.3256e+07,127.51
2.3256e+07,127.63
2.3256e+07,127.79
2.3256e+07,127.91
2.3256e+07,127.89
2.3256e+07,127.93
2.3256e+07,127.88
2.3256e+07,127.82
2.3256e+07,127.77
2.3256e+07,127.81
2.3256e+07,127.76
2.3256e+07,127.73
2.3256e+07,127.73
2.3256e+07,127.6
2.3256e+07,127.48
2.3256e+07,127.34
2.3256e+07,127.23
2.3256e+07,127.19
2.3256e+07,127.14
2.3256e+07,127.07
2.3256e+07,119.29
2.3256e+07,109.54
2.3256e+07,105.51
2.3256e+07,103.51
2.3256e+07,102.23
2.3256e+07,101.11
2.3256e+07,99.345
2.3256e+07,99.038
2.3256e+07,98.867
2.3256e+07,98.462
2.3256e+07,98.065
2.3256e+07,97.748
2.3256e+07,97.452
2.3256e+07,97.477
2.3256e+07,97.057
2.3256e+07,97.112
2.3256e+07,96.838
2.3256e+07,96.548
2.3256e+07,96.472
2.3256e+07,96.285
2.3256e+07,96.152
2.3256e+07,95.997
2.3256e+07,95.832
2.3256e+07,95.857
2.3256e+07,95.532
2.3256e+07,16.827
2.3256e+07,6.2517
2.3256e+07,6.02
2.3256e+07,5.9533
2.3256e+07,5.975
2.3256e+07,6.495
2.3256e+07,6.005
2.3256e+07,6.0467
2.3256e+07,6.0283
2.3256e+07,5.94
2.3256e+07,5.9217
2.3256e+07,5.8833
2.3256e+07,5.9217
2.3256e+07,6.0067
2.3256e+07,5.9683
2.3256e+07,5.945
2.3256e+07,5.9083
2.3256e+07,48.73
2.3256e+07,103.49
2.3256e+07,128.76
2.3256e+07,123.6
2.3256e+07,118.72
2.3256e+07,120.98
2.3256e+07,121.83
2.3256e+07,122.26
2.3256e+07,122.52
2.3256e+07,122.79
2.3256e+07,123
2.3256e+07,123.18
2.3256e+07,123.37
2.3256e+07,123.7
2.3256e+07,123.76
2.3256e+07,123.86
2.3256e+07,118.16
2.3256e+07,107.41
2.3256e+07,103.21
2.3256e+07,100.93
2.3256e+07,99.693
2.3256e+07,98.945
2.3256e+07,98.282
2.3256e+07,97.963
2.3256e+07,97.645
2.3256e+07,97.257
2.3256e+07,97.037
2.3256e+07,96.692
2.3256e+07,96.342
2.3256e+07,96.1
2.3256e+07,97.145
2.3256e+07,90.463
2.3256e+07,95.183
2.3256e+07,96.422
2.3256e+07,96.685
2.3256e+07,96.808
2.3256e+07,96.608
2.3256e+07,96.515
2.3256e+07,96.525
2.3256e+07,38.937
2.3256e+07,7.4333
2.3256e+07,7.135
2.3256e+07,7.1033
2.3256e+07,7.07
2.3256e+07,7.71
2.3256e+07,7.19
2.3256e+07,7.15
2.3256e+07,7.1283
2.3256e+07,7.1783
2.3256e+07,7.0867
2.3256e+07,7.3467
2.3256e+07,7.47
2.3256e+07,7.445
2.3256e+07,7.4733
2.3256e+07,7.495
2.3256e+07,7.455
2.3256e+07,7.5333
2.3256e+07,74.812
2.3256e+07,111.26
2.3256e+07,130.42
2.3256e+07,123.27
2.3256e+07,120.05
2.3256e+07,120.94
2.3256e+07,121.87
2.3256e+07,123.64
2.3256e+07,124.17
2.3256e+07,124.41
2.3256e+07,124.58
2.3256e+07,124.81
2.3256e+07,124.77
2.3256e+07,125.1
2.3256e+07,125.15
2.3256e+07,125.13
2.3256e+07,117.16
2.3256e+07,108.08
2.3256e+07,104.11
2.3256e+07,102.01
2.3256e+07,100.97
2.3256e+07,100.16
2.3256e+07,99.592
2.3256e+07,99.315
2.3256e+07,98.775
2.3256e+07,98.582
2.3256e+07,98.198
2.3256e+07,98.032
2.3256e+07,97.61
2.3256e+07,97.375
2.3256e+07,97.032
2.3256e+07,96.987
2.3256e+07,96.647
2.3256e+07,96.692
2.3256e+07,57.175
2.3256e+07,8.1817
2.3256e+07,7.595
2.3256e+07,7.5383
2.3256e+07,7.6017
2.3256e+07,8.1783
2.3256e+07,7.53
2.3256e+07,7.55
2.3256e+07,7.5583
2.3256e+07,7.5533
2.3256e+07,7.5617
2.3256e+07,7.57
2.3256e+07,7.5717
2.3256e+07,7.6317
2.3256e+07,7.605
2.3256e+07,7.6267
2.3256e+07,7.5883
2.3256e+07,98.84
2.3256e+07,116.34
2.3256e+07,127.62
2.3256e+07,119.88
2.3256e+07,119.71
2.3256e+07,121.55
2.3256e+07,122.35
2.3256e+07,122.74
2.3256e+07,123.11
2.3256e+07,123.27
2.3256e+07,123.64
2.3256e+07,123.96
2.3256e+07,123.96
2.3256e+07,124.15
2.3256e+07,116.25
2.3256e+07,106.38
2.3256e+07,101.89
2.3256e+07,99.887
2.3256e+07,98.772
2.3256e+07,97.982
2.3256e+07,97.425
2.3256e+07,96.963
2.3256e+07,96.528
2.3256e+07,96.305
2.3256e+07,95.788
2.3256e+07,95.668
2.3256e+07,95.53
2.3256e+07,95.282
2.3256e+07,94.907
2.3256e+07,94.775
2.3256e+07,94.698
2.3256e+07,94.478
2.3256e+07,19.175
2.3256e+07,6.4433
2.3256e+07,6.0633
2.3256e+07,6.0767
2.3256e+07,6.0833
2.3256e+07,6.7717
2.3256e+07,6.0917
2.3256e+07,6.1917
2.3256e+07,6.1833
2.3256e+07,6.1783
2.3256e+07,6.145
2.3256e+07,6.13
2.3256e+07,5.9783
2.3256e+07,7.435
2.3256e+07,7.6183
2.3256e+07,7.7717
2.3256e+07,7.7667
2.3256e+07,7.7867
2.3256e+07,37.833
2.3256e+07,104.68
2.3256e+07,127.11
2.3256e+07,125.91
2.3256e+07,119.49
2.3256e+07,121.26
2.3256e+07,122.25
2.3256e+07,122.77
2.3256e+07,123.16
2.3256e+07,123.4
2.3256e+07,119.67
2.3256e+07,120.95
2.3256e+07,123.94
2.3256e+07,124.26
2.3256e+07,124.25
2.3256e+07,123.96
2.3256e+07,123.89
2.3256e+07,123.89
2.3256e+07,118.25
2.3256e+07,117.97
2.3256e+07,104.36
2.3256e+07,103.43
2.3256e+07,103.44
2.3256e+07,102.96
2.3256e+07,101.8
2.3256e+07,99.718
2.3256e+07,99.713
2.3256e+07,99.35
2.3256e+07,98.662
2.3256e+07,98.283
2.3256e+07,98.077
2.3256e+07,97.775
2.3256e+07,97.287
2.3256e+07,97.12
2.3256e+07,97.23
2.3256e+07,96.983
2.3256e+07,96.63
2.3256e+07,64.157
2.3256e+07,7.78
2.3256e+07,7.88
2.3256e+07,7.88
2.3256e+07,7.745
2.3256e+07,8.0817
2.3256e+07,7.4817
2.3256e+07,7.765
2.3256e+07,7.91
2.3256e+07,7.81
2.3256e+07,7.5833
2.3256e+07,7.535
2.3256e+07,7.4833
2.3256e+07,7.47
2.3256e+07,7.485
2.3256e+07,7.5083
2.3256e+07,7.5233
2.3256e+07,7.59
2.3256e+07,7.6017
2.3256e+07,105.56
2.3256e+07,119.97
2.3256e+07,123.89
2.3256e+07,119.68
2.3256e+07,121.12
2.3256e+07,119.94
2.3256e+07,123.04
2.3256e+07,123.55
2.3256e+07,123.82
2.3256e+07,123.93
2.3256e+07,124.09
2.3256e+07,124.33
2.3256e+07,118.41
2.3256e+07,123.38
2.3256e+07,124.48
2.3256e+07,124.58
2.3256e+07,124.62
2.3256e+07,124.63
2.3256e+07,124.74
2.3256e+07,125.14
2.3256e+07,115.8
2.3256e+07,106.91
2.3256e+07,103.64
2.3256e+07,101.76
2.3256e+07,100.48
2.3256e+07,97.14
2.3256e+07,95.793
2.3256e+07,97.235
2.3256e+07,97.477
2.3256e+07,97.7
2.3256e+07,97.597
2.3256e+07,97.338
2.3256e+07,97.305
2.3256e+07,97.062
2.3256e+07,96.977
2.3256e+07,96.613
2.3256e+07,96.423
2.3256e+07,96.383
2.3256e+07,24.537
2.3256e+07,7.7183
2.3256e+07,7.4067
2.3256e+07,7.4117
2.3256e+07,7.405
2.3256e+07,7.9683
2.3256e+07,7.3967
2.3256e+07,7.3583
2.3256e+07,7.42
2.3256e+07,7.4517
2.3256e+07,125.65
2.3256e+07,275.36
2.3256e+07,300.41
2.3256e+07,271.34
2.3256e+07,143.23
2.3256e+07,142.46
2.3256e+07,126.98
2.3256e+07,124.83
2.3256e+07,124.94
2.3256e+07,125.09
2.3256e+07,125.24
2.3256e+07,125.42
2.3256e+07,125.52
2.3256e+07,125.65
2.3256e+07,123.6
2.3256e+07,110.86
2.3256e+07,105.25
2.3256e+07,102.35
2.3256e+07,100.85
2.3256e+07,99.968
2.3256e+07,99.238
2.3256e+07,98.817
2.3256e+07,98.407
2.3256e+07,98.153
2.3256e+07,97.85
2.3256e+07,97.502
2.3256e+07,97.352
2.3256e+07,97.033
2.3256e+07,96.98
2.3256e+07,96.835
2.3256e+07,40.413
2.3256e+07,7.3267
2.3256e+07,5.9483
2.3256e+07,5.9967
2.3256e+07,6.1433
2.3256e+07,6.8283
2.3256e+07,5.8833
2.3256e+07,5.6783
2.3256e+07,5.7367
2.3256e+07,5.72
2.3256e+07,5.7083
2.3256e+07,5.7133
2.3256e+07,5.6917
2.3256e+07,5.62
2.3256e+07,5.7583
2.3256e+07,7.4367
2.3256e+07,53.603
2.3256e+07,106.77
2.3256e+07,128.28
2.3256e+07,124.86
2.3256e+07,120.43
2.3256e+07,125.82
2.3256e+07,126.76
2.3256e+07,127.38
2.3256e+07,127.99
2.3256e+07,128.34
2.3256e+07,128.52
2.3256e+07,128.72
2.3256e+07,128.95
2.3256e+07,127.61
2.3256e+07,116.34
2.3256e+07,110.93
2.3256e+07,107.77
2.3256e+07,106.2
2.3256e+07,105
2.3256e+07,104.2
2.3256e+07,103.37
2.3256e+07,102.82
2.3256e+07,102.3
2.3256e+07,101.96
2.3256e+07,101.59
2.3256e+07,101.3
2.3256e+07,100.85
2.3256e+07,100.61
2.3256e+07,100.27
2.3256e+07,100.06
2.3256e+07,99.81
2.3256e+07,99.39
2.3256e+07,99.252
2.3256e+07,98.867
2.3256e+07,98.695
2.3256e+07,98.495
2.3256e+07,98.34
2.3256e+07,98.023
2.3256e+07,97.92
2.3256e+07,84.033
2.3256e+07,7.6517
2.3256e+07,7.46
2.3256e+07,7.4767
2.3256e+07,7.4933
2.3256e+07,11.06
2.3256e+07,7.4783
2.3256e+07,7.44
2.3256e+07,7.4983
2.3256e+07,7.44
2.3256e+07,7.4367
2.3256e+07,10.642
2.3256e+07,7.1933
2.3256e+07,7.15
2.3256e+07,7.1433
2.3256e+07,7.1783
2.3256e+07,7.1717
2.3256e+07,102.49
2.3256e+07,120.15
2.3256e+07,129.28
2.3256e+07,121.86
2.3256e+07,122.13
2.3256e+07,123.56
2.3256e+07,124.23
2.3256e+07,124.67
2.3256e+07,125.05
2.3256e+07,122.87
2.3256e+07,128.19
2.3256e+07,125.84
2.3256e+07,125.68
2.3256e+07,121.61
2.3256e+07,124.82
2.3256e+07,126.56
2.3256e+07,116.11
2.3256e+07,109.04
2.3256e+07,105.03
2.3256e+07,102.73
2.3256e+07,101.65
2.3256e+07,100.14
2.3256e+07,99.875
2.3256e+07,99.548
2.3256e+07,99.123
2.3256e+07,98.912
2.3256e+07,98.443
2.3256e+07,95.155
2.3256e+07,88.5
2.3256e+07,93.927
2.3256e+07,96.568
2.3256e+07,97.688
2.3256e+07,97.943
2.3256e+07,98.05
2.3256e+07,97.835
2.3256e+07,97.868
2.3256e+07,97.693
2.3256e+07,97.49
2.3256e+07,97.418
2.3256e+07,97.175
2.3256e+07,97.093
2.3256e+07,33.222
2.3256e+07,7.7517
2.3256e+07,7.3867
2.3256e+07,7.3317
2.3256e+07,7.4567
2.3256e+07,8.0967
2.3256e+07,7.2517
2.3256e+07,8.8083
2.3256e+07,7.1617
2.3256e+07,7.1667
2.3256e+07,7.51
2.3256e+07,7.695
2.3256e+07,7.215
2.3256e+07,7.18
2.3256e+07,7.4033
2.3256e+07,7.515
2.3256e+07,7.4867
2.3256e+07,7.4883
2.3256e+07,7.42
2.3256e+07,275.19
2.3256e+07,392.03
2.3256e+07,391.43
2.3256e+07,391.14
2.3256e+07,390.17
2.3256e+07,389.65
2.3256e+07,390.05
2.3256e+07,389.44
2.3256e+07,389.09
2.3256e+07,389.13
2.3256e+07,389.08
2.3256e+07,388.96
2.3256e+07,276.42
2.3256e+07,238.76
2.3256e+07,238.76
2.3256e+07,238.71
2.3256e+07,238.71
2.3256e+07,238.41
2.3256e+07,238.75
2.3256e+07,68.962
2.3256e+07,5.9267
2.3256e+07,5.9517
2.3256e+07,6.08
2.3256e+07,5.9
2.3256e+07,6.2383
2.3256e+07,5.9267
2.3256e+07,5.8717
2.3256e+07,5.7567
2.3256e+07,5.7867
2.3256e+07,135.65
2.3256e+07,142.11
2.3256e+07,156.41
2.3256e+07,152.76
2.3256e+07,141.77
2.3256e+07,134.64
2.3256e+07,143.42
2.3256e+07,144.57
2.3256e+07,144.09
2.3256e+07,139.14
2.3256e+07,143.04
2.3256e+07,143.16
2.3256e+07,142.83
2.3256e+07,142.75
2.3256e+07,142.53
2.3256e+07,142.09
2.3256e+07,141.64
2.3256e+07,141.2
2.3256e+07,140.99
2.3256e+07,140.71
2.3256e+07,140.26
2.3256e+07,139.99
2.3256e+07,139.63
2.3256e+07,139.3
2.3256e+07,139.07
2.3256e+07,138.73
2.3256e+07,138.45
2.3256e+07,138.13
2.3256e+07,137.89
2.3256e+07,137.51
2.3256e+07,137.22
2.3256e+07,137.02
2.3256e+07,136.71
2.3256e+07,136.43
2.3256e+07,136.21
2.3256e+07,135.84
2.3256e+07,135.65
2.3256e+07,135.58
2.3256e+07,135.43
2.3256e+07,135.13
2.3256e+07,133.32
2.3256e+07,401.85
2.3256e+07,389.44
2.3256e+07,378.17
2.3256e+07,365.18
2.3256e+07,449.07
2.3256e+07,361.51
2.3256e+07,414.85
2.3256e+07,387.8
2.3256e+07,388.23
2.3256e+07,407.86
2.3256e+07,359.34
2.3256e+07,446.24
2.3256e+07,443.85
2.3256e+07,356.65
2.3256e+07,447.36
2.3256e+07,447.52
2.3256e+07,352.19
2.3256e+07,442.42
2.3256e+07,345.49
2.3256e+07,443.69
2.3256e+07,359.51
2.3256e+07,424.99
2.3256e+07,435.18
2.3256e+07,348.65
2.3256e+07,430.12
2.3256e+07,343.65
2.3256e+07,437.11
2.3256e+07,342.32
2.3256e+07,343.5
2.3256e+07,154.54
2.3256e+07,105.92
2.3256e+07,105.85
2.3256e+07,105.93
2.3256e+07,104.02
2.3256e+07,101.87
2.3256e+07,101.77
2.3256e+07,101.71
2.3256e+07,101.52
2.3256e+07,101.34
2.3256e+07,101.51
2.3256e+07,96.895
2.3256e+07,96.142
2.3256e+07,100.34
2.3256e+07,102.13
2.3256e+07,102.38
2.3256e+07,102.47
2.3256e+07,102.56
2.3256e+07,102.35
2.3256e+07,102.27
2.3256e+07,101.97
2.3256e+07,101.77
2.3256e+07,101.47
2.3256e+07,101.16
2.3256e+07,100.97
2.3256e+07,66.38
2.3256e+07,9.9233
2.3256e+07,9.53
2.3256e+07,9.5733
2.3256e+07,9.5533
2.3256e+07,10.155
2.3256e+07,9.5683
2.3256e+07,9.9517
2.3256e+07,9.575
2.3256e+07,9.59
2.3256e+07,9.6017
2.3256e+07,9.5717
2.3256e+07,9.4367
2.3256e+07,8.5783
2.3256e+07,9.1133
2.3256e+07,8.59
2.3256e+07,8.36
2.3256e+07,114.93
2.3256e+07,125.22
2.3256e+07,131.82
2.3256e+07,125.44
2.3256e+07,126.47
2.3256e+07,127.58
2.3256e+07,128.18
2.3256e+07,128.5
2.3256e+07,128.61
2.3256e+07,128.84
2.3256e+07,128.93
2.3256e+07,129.08
2.3256e+07,129.05
2.3256e+07,129.3
2.3256e+07,129.48
2.3256e+07,129.54
2.3256e+07,129.61
2.3256e+07,129.65
2.3256e+07,129.65
2.3256e+07,129.71
2.3256e+07,129.76
2.3256e+07,129.75
2.3256e+07,129.73
2.3256e+07,129.6
2.3256e+07,129.6
2.3256e+07,121.5
2.3256e+07,111.29
2.3256e+07,107.15
2.3256e+07,104.98
2.3256e+07,103.9
2.3256e+07,102.26
2.3256e+07,100.97
2.3256e+07,100.48
2.3256e+07,100.01
2.3256e+07,99.68
2.3256e+07,99.43
2.3256e+07,98.968
2.3256e+07,98.695
2.3256e+07,98.593
2.3256e+07,98.213
2.3256e+07,98.003
2.3256e+07,97.478
2.3256e+07,96.148
2.3256e+07,91.348
2.3256e+07,96.098
2.3256e+07,98.017
2.3256e+07,98.053
2.3256e+07,87
2.3256e+07,91.978
2.3256e+07,97.575
2.3256e+07,98.487
2.3256e+07,99.065
2.3256e+07,98.997
2.3256e+07,99.177
2.3256e+07,99.153
2.3256e+07,98.932
2.3256e+07,98.843
2.3256e+07,98.682
2.3256e+07,98.427
2.3256e+07,98.192
2.3256e+07,98.105
2.3256e+07,69.61
2.3256e+07,8.475
2.3256e+07,8.4067
2.3256e+07,8.6933
2.3256e+07,8.7017
2.3256e+07,9.2217
2.3256e+07,8.6783
2.3256e+07,8.7117
2.3256e+07,8.625
2.3256e+07,8.6317
2.3256e+07,8.6683
2.3256e+07,8.6467
2.3256e+07,8.6367
2.3256e+07,8.6617
2.3256e+07,8.6483
2.3256e+07,8.9467
2.3256e+07,9.435
2.3256e+07,8.3583
2.3256e+07,106.45
2.3256e+07,119.2
2.3256e+07,129.41
2.3256e+07,120.65
2.3256e+07,115.18
2.3256e+07,122.65
2.3256e+07,124.35
2.3256e+07,125.27
2.3256e+07,125.91
2.3256e+07,126.26
2.3256e+07,126.7
2.3256e+07,125.55
2.3256e+07,121.79
2.3256e+07,126.66
2.3256e+07,127.25
2.3256e+07,127.51
2.3256e+07,127.7
2.3256e+07,127.82
2.3256e+07,127.73
2.3256e+07,127.97
2.3256e+07,128.11
2.3256e+07,128.26
2.3256e+07,128.32
2.3256e+07,128.42
2.3256e+07,128.49
2.3256e+07,128.49
2.3256e+07,128.48
2.3256e+07,123.82
2.3256e+07,112.03
2.3256e+07,106.89
2.3256e+07,104.28
2.3256e+07,102.99
2.3256e+07,102.18
2.3256e+07,101.49
2.3256e+07,101
2.3256e+07,100.66
2.3256e+07,100.23
2.3256e+07,100.11
2.3256e+07,99.757
2.3256e+07,99.45
2.3256e+07,99.375
2.3256e+07,99.175
2.3256e+07,98.152
2.3256e+07,97.165
2.3256e+07,97.077
2.3256e+07,96.847
2.3256e+07,8.06
2.3256e+07,6.8367
2.3256e+07,6.5017
2.3256e+07,6.5083
2.3256e+07,6.7317
2.3256e+07,7.1067
2.3256e+07,6.7433
2.3256e+07,6.7017
2.3256e+07,6.26
2.3256e+07,6.155
2.3256e+07,6.2167
2.3256e+07,6.2333
2.3256e+07,6.275
2.3256e+07,6.2667
2.3256e+07,6.2567
2.3256e+07,6.2867
2.3256e+07,6.3417
2.3256e+07,75.892
2.3256e+07,110.53
2.3256e+07,404.83
2.3256e+07,369.05
2.3256e+07,362.67
2.3256e+07,444.05
2.3256e+07,218.47
2.3256e+07,127.28
2.3256e+07,168.13
2.3256e+07,390.44
2.3256e+07,374.91
2.3256e+07,374.54
2.3257e+07,366.88
2.3257e+07,461.23
2.3257e+07,369.3
2.3257e+07,456.06
2.3257e+07,372.66
2.3257e+07,359.6
2.3257e+07,445.11
2.3257e+07,347.24
2.3257e+07,435.72
2.3257e+07,344.06
2.3257e+07,437.2
2.3257e+07,340.15
2.3257e+07,435.89
2.3257e+07,338.19
2.3257e+07,436.15
2.3257e+07,337.6
2.3257e+07,434.19
2.3257e+07,338.04
2.3257e+07,431.29
2.3257e+07,339.03
2.3257e+07,431.27
2.3257e+07,337.5
2.3257e+07,429.09
2.3257e+07,333.25
2.3257e+07,342.95
2.3257e+07,247.54
2.3257e+07,342.08
2.3257e+07,251.09
2.3257e+07,338.75
2.3257e+07,336.92
2.3257e+07,251.44
2.3257e+07,339.27
2.3257e+07,246.24
2.3257e+07,342.19
2.3257e+07,256.11
2.3257e+07,336.75
2.3257e+07,339.96
2.3257e+07,250.6
2.3257e+07,343.38
2.3257e+07,252.09
2.3257e+07,339.11
2.3257e+07,416.26
2.3257e+07,353.47
2.3257e+07,465.14
2.3257e+07,393.95
2.3257e+07,127.7
2.3257e+07,129.65
2.3257e+07,130.3
2.3257e+07,130.7
2.3257e+07,131.05
2.3257e+07,131.19
2.3257e+07,131.42
2.3257e+07,127.98
2.3257e+07,127.16
2.3257e+07,127.91
2.3257e+07,128.29
2.3257e+07,121.26
2.3257e+07,109.24
2.3257e+07,104.72
2.3257e+07,102.04
2.3257e+07,100.64
2.3257e+07,99.94
2.3257e+07,99.337
2.3257e+07,98.85
2.3257e+07,98.533
2.3257e+07,98.088
2.3257e+07,97.877
2.3257e+07,97.938
2.3257e+07,97.773
2.3257e+07,97.49
2.3257e+07,97.357
2.3257e+07,96.04
2.3257e+07,95.977
2.3257e+07,95.74
2.3257e+07,35.368
2.3257e+07,6.245
2.3257e+07,5.9667
2.3257e+07,5.99
2.3257e+07,5.9367
2.3257e+07,6.4917
2.3257e+07,5.98
2.3257e+07,5.9217
2.3257e+07,5.975
2.3257e+07,6.0367
2.3257e+07,5.965
2.3257e+07,5.6883
2.3257e+07,5.7233
2.3257e+07,5.7133
2.3257e+07,5.6767
2.3257e+07,5.6817
2.3257e+07,5.7267
2.3257e+07,34.663
2.3257e+07,102.57
2.3257e+07,123.97
2.3257e+07,124.64
2.3257e+07,118.03
2.3257e+07,119.71
2.3257e+07,120.83
2.3257e+07,121.32
2.3257e+07,121.53
2.3257e+07,121.61
2.3257e+07,121.97
2.3257e+07,122.21
2.3257e+07,122.38
2.3257e+07,122.77
2.3257e+07,121.92
2.3257e+07,109.69
2.3257e+07,103.54
2.3257e+07,100.86
2.3257e+07,99.285
2.3257e+07,98.402
2.3257e+07,97.795
2.3257e+07,97.362
2.3257e+07,96.857
2.3257e+07,96.48
2.3257e+07,96.3
2.3257e+07,95.96
2.3257e+07,95.728
2.3257e+07,95.533
2.3257e+07,95.422
2.3257e+07,95.248
2.3257e+07,95.082
2.3257e+07,94.898
2.3257e+07,42.922
2.3257e+07,6.29
2.3257e+07,6.0733
2.3257e+07,6.0833
2.3257e+07,6.0867
2.3257e+07,6.685
2.3257e+07,6.07
2.3257e+07,6.0733
2.3257e+07,6.0733
2.3257e+07,6.0267
2.3257e+07,6.0867
2.3257e+07,6.0533
2.3257e+07,6.12
2.3257e+07,6.0817
2.3257e+07,6.0717
2.3257e+07,6.075
2.3257e+07,6.0583
2.3257e+07,5.84
2.3257e+07,82.907
2.3257e+07,111.6
2.3257e+07,127.91
2.3257e+07,120.29
2.3257e+07,118.38
2.3257e+07,120.47
2.3257e+07,121.18
2.3257e+07,121.78
2.3257e+07,122.51
2.3257e+07,122.71
2.3257e+07,122.98
2.3257e+07,123.21
2.3257e+07,123.36
2.3257e+07,121.77
2.3257e+07,109.54
2.3257e+07,104.03
2.3257e+07,101.21
2.3257e+07,99.673
2.3257e+07,98.732
2.3257e+07,98.192
2.3257e+07,97.73
2.3257e+07,97.293
2.3257e+07,97.082
2.3257e+07,96.68
2.3257e+07,96.488
2.3257e+07,96.177
2.3257e+07,96.137
2.3257e+07,95.795
2.3257e+07,95.392
2.3257e+07,95.52
2.3257e+07,95.22
2.3257e+07,24.58
2.3257e+07,6.575
2.3257e+07,6.2683
2.3257e+07,6.315
2.3257e+07,6.2617
2.3257e+07,6.825
2.3257e+07,6.245
2.3257e+07,6.305
2.3257e+07,6.2417
2.3257e+07,6.0317
2.3257e+07,5.9883
2.3257e+07,6.0117
2.3257e+07,5.9433
2.3257e+07,5.9683
2.3257e+07,5.9567
2.3257e+07,5.9233
2.3257e+07,5.9633
2.3257e+07,6.2
2.3257e+07,111.23
2.3257e+07,120.72
2.3257e+07,127.23
2.3257e+07,119.1
2.3257e+07,119.82
2.3257e+07,121.24
2.3257e+07,121.89
2.3257e+07,122.38
2.3257e+07,122.77
2.3257e+07,123.07
2.3257e+07,123.26
2.3257e+07,123.52
2.3257e+07,122.29
2.3257e+07,109.96
2.3257e+07,104.2
2.3257e+07,101.42
2.3257e+07,99.878
2.3257e+07,98.977
2.3257e+07,98.188
2.3257e+07,97.813
2.3257e+07,97.393
2.3257e+07,97.042
2.3257e+07,49.067
2.3257e+07,6.3567
2.3257e+07,6.2583
2.3257e+07,6.255
2.3257e+07,6.18
2.3257e+07,6.8633
2.3257e+07,6.2117
2.3257e+07,6
2.3257e+07,6.035
2.3257e+07,5.6617
2.3257e+07,5.7367
2.3257e+07,6.2183
2.3257e+07,6.4533
2.3257e+07,6.3067
2.3257e+07,5.7433
2.3257e+07,102.55
2.3257e+07,155.18
2.3257e+07,155.24
2.3257e+07,155.36
2.3257e+07,155.2
2.3257e+07,155.33
2.3257e+07,155.21
2.3257e+07,155.13
2.3257e+07,156.81
2.3257e+07,156.64
2.3257e+07,156.77
2.3257e+07,156.79
2.3257e+07,156.73
2.3257e+07,154.14
2.3257e+07,7.4
2.3257e+07,5.8467
2.3257e+07,5.775
2.3257e+07,5.795
2.3257e+07,5.7867
2.3257e+07,5.7783
2.3257e+07,5.79
2.3257e+07,5.8083
2.3257e+07,5.7917
2.3257e+07,22.273
2.3257e+07,112.19
2.3257e+07,119.13
2.3257e+07,106.92
2.3257e+07,97.905
2.3257e+07,100.04
2.3257e+07,114.51
2.3257e+07,121.66
2.3257e+07,124.46
2.3257e+07,125.85
2.3257e+07,127.22
2.3257e+07,127.45
2.3257e+07,127.62
2.3257e+07,127.63
2.3257e+07,127.81
2.3257e+07,127.79
2.3257e+07,128
2.3257e+07,127.19
2.3257e+07,126.53
2.3257e+07,126.54
2.3257e+07,126.53
2.3257e+07,126.91
2.3257e+07,127.7
2.3257e+07,127.33
2.3257e+07,127.01
2.3257e+07,126.88
2.3257e+07,126.88
2.3257e+07,126.8
2.3257e+07,126.65
2.3257e+07,126.59
2.3257e+07,123.52
2.3257e+07,111
2.3257e+07,105.66
2.3257e+07,102.96
2.3257e+07,101.49
2.3257e+07,100.48
2.3257e+07,99.852
2.3257e+07,99.458
2.3257e+07,98.973
2.3257e+07,98.633
2.3257e+07,96.1
2.3257e+07,91.775
2.3257e+07,98.207
2.3257e+07,99.588
2.3257e+07,100.26
2.3257e+07,100.44
2.3257e+07,100.32
2.3257e+07,100.28
2.3257e+07,99.933
2.3257e+07,99.783
2.3257e+07,99.542
2.3257e+07,99.232
2.3257e+07,98.85
2.3257e+07,98.497
2.3257e+07,98.28
2.3257e+07,98.015
2.3257e+07,97.685
2.3257e+07,97.255
2.3257e+07,97.02
2.3257e+07,96.923
2.3257e+07,69.185
2.3257e+07,7.395
2.3257e+07,7.2033
2.3257e+07,7.18
2.3257e+07,7.4617
2.3257e+07,8.0933
2.3257e+07,7.4633
2.3257e+07,7.475
2.3257e+07,7.4733
2.3257e+07,7.5
2.3257e+07,7.4517
2.3257e+07,6.36
2.3257e+07,5.99
2.3257e+07,6.0217
2.3257e+07,6.0467
2.3257e+07,8.5417
2.3257e+07,8.8433
2.3257e+07,67.042
2.3257e+07,108.44
2.3257e+07,129.88
2.3257e+07,123.83
2.3257e+07,120.4
2.3257e+07,122.75
2.3257e+07,123.62
2.3257e+07,124.05
2.3257e+07,124.51
2.3257e+07,124.7
2.3257e+07,124.23
2.3257e+07,117.7
2.3257e+07,123.04
2.3257e+07,124.38
2.3257e+07,124.74
2.3257e+07,124.96
2.3257e+07,125.02
2.3257e+07,124.75
2.3257e+07,113.25
2.3257e+07,106.73
2.3257e+07,103.59
2.3257e+07,101.88
2.3257e+07,100.79
2.3257e+07,100.09
2.3257e+07,99.505
2.3257e+07,98.838
2.3257e+07,98.482
2.3257e+07,98.182
2.3257e+07,97.772
2.3257e+07,97.512
2.3257e+07,97.44
2.3257e+07,97.13
2.3257e+07,96.86
2.3257e+07,96.785
2.3257e+07,96.498
2.3257e+07,96.482
2.3257e+07,49.877
2.3257e+07,7.795
2.3257e+07,7.445
2.3257e+07,7.4433
2.3257e+07,7.3967
2.3257e+07,7.975
2.3257e+07,5.94
2.3257e+07,6.0533
2.3257e+07,5.8133
2.3257e+07,6.1233
2.3257e+07,6.135
2.3257e+07,191.49
2.3257e+07,282.72
2.3257e+07,301.44
2.3257e+07,220.23
2.3257e+07,143.05
2.3257e+07,143.69
2.3257e+07,135.59
2.3257e+07,137.72
2.3257e+07,138.45
2.3257e+07,138.93
2.3257e+07,131.93
2.3257e+07,120.15
2.3257e+07,115.51
2.3257e+07,113.23
2.3257e+07,111.94
2.3257e+07,112.18
2.3257e+07,101.65
2.3257e+07,100.67
2.3257e+07,106.36
2.3257e+07,107.72
2.3257e+07,108.89
2.3257e+07,108.84
2.3257e+07,108.87
2.3257e+07,107.45
2.3257e+07,105.62
2.3257e+07,107.12
2.3257e+07,107.4
2.3257e+07,107.71
2.3257e+07,107.73
2.3257e+07,101.96
2.3257e+07,101.57
2.3257e+07,104.53
2.3257e+07,105.25
2.3257e+07,103.37
2.3257e+07,103.81
2.3257e+07,105.08
2.3257e+07,105.04
2.3257e+07,105.44
2.3257e+07,105.36
2.3257e+07,105.37
2.3257e+07,105.3
2.3257e+07,105.22
2.3257e+07,105.33
2.3257e+07,105.3
2.3257e+07,105.37
2.3257e+07,105.13
2.3257e+07,105.09
2.3257e+07,105.05
2.3257e+07,104.85
2.3257e+07,104.9
2.3257e+07,104.57
2.3257e+07,104.7
2.3257e+07,104.73
2.3257e+07,104.44
2.3257e+07,104.22
2.3257e+07,104.41
2.3257e+07,104.21
2.3257e+07,104.15
2.3257e+07,103.97
2.3257e+07,103.94
2.3257e+07,103.74
2.3257e+07,103.86
2.3257e+07,245.76
2.3257e+07,268.86
2.3257e+07,269.81
2.3257e+07,207.28
2.3257e+07,105.3
2.3257e+07,94.793
2.3257e+07,99.102
2.3257e+07,100.37
2.3257e+07,101.18
2.3257e+07,101.44
2.3257e+07,101.56
2.3257e+07,101.9
2.3257e+07,102.06
2.3257e+07,102.07
2.3257e+07,102.04
2.3257e+07,101.8
2.3257e+07,101.8
2.3257e+07,101.92
2.3257e+07,101.7
2.3257e+07,101.71
2.3257e+07,101.74
2.3257e+07,101.53
2.3257e+07,101.58
2.3257e+07,101.39
2.3257e+07,101.37
2.3257e+07,101.37
2.3257e+07,101.23
2.3257e+07,101.2
2.3257e+07,101.28
2.3257e+07,101.2
2.3257e+07,101.18
2.3257e+07,31.693
2.3257e+07,5.9917
2.3257e+07,5.8867
2.3257e+07,5.955
2.3257e+07,5.9233
2.3257e+07,6.4617
2.3257e+07,5.84
2.3257e+07,5.8367
2.3257e+07,5.8533
2.3257e+07,5.78
2.3257e+07,5.7867
2.3257e+07,106.6
2.3257e+07,121.24
2.3257e+07,141.24
2.3257e+07,140.4
2.3257e+07,138.15
2.3257e+07,137.39
2.3257e+07,137.06
2.3257e+07,137
2.3257e+07,136.93
2.3257e+07,137.01
2.3257e+07,137.01
2.3257e+07,137.05
2.3257e+07,137.1
2.3257e+07,137
2.3257e+07,137.22
2.3257e+07,137
2.3257e+07,137.22
2.3257e+07,137.5
2.3257e+07,124.99
2.3257e+07,114.54
2.3257e+07,110.09
2.3257e+07,108.01
2.3257e+07,106.96
2.3257e+07,106.27
2.3257e+07,105.55
2.3257e+07,105.06
2.3257e+07,104.7
2.3257e+07,104.41
2.3257e+07,104.04
2.3257e+07,103.79
2.3257e+07,103.55
2.3257e+07,103.4
2.3257e+07,103.29
2.3257e+07,102.85
2.3257e+07,102.88
2.3257e+07,262.19
2.3257e+07,267.54
2.3257e+07,268.71
2.3257e+07,200.5
2.3257e+07,103.97
2.3257e+07,94.922
2.3257e+07,96.213
2.3257e+07,96.247
2.3257e+07,100.28
2.3257e+07,101.72
2.3257e+07,102.39
2.3257e+07,102.62
2.3257e+07,102.78
2.3257e+07,103.03
2.3257e+07,103.07
2.3257e+07,103.09
2.3257e+07,102.76
2.3257e+07,102.84
2.3257e+07,102.88
2.3257e+07,100.44
2.3257e+07,99.983
2.3257e+07,101.55
2.3257e+07,101.78
2.3257e+07,101.92
2.3257e+07,102.12
2.3257e+07,102.29
2.3257e+07,102.1
2.3257e+07,101.93
2.3257e+07,101.94
2.3257e+07,101.94
2.3257e+07,101.93
2.3257e+07,101.8
2.3257e+07,76.27
2.3257e+07,7.5383
2.3257e+07,7.24
2.3257e+07,7.2717
2.3257e+07,7.31
2.3257e+07,7.89
2.3257e+07,7.2817
2.3257e+07,7.2883
2.3257e+07,7.225
2.3257e+07,7.2033
2.3257e+07,7.205
2.3257e+07,68.967
2.3257e+07,110.43
2.3257e+07,136.46
2.3257e+07,145.59
2.3257e+07,139.72
2.3257e+07,138.39
2.3257e+07,138.05
2.3257e+07,137.04
2.3257e+07,136.4
2.3257e+07,136.4
2.3257e+07,136.37
2.3257e+07,136.47
2.3257e+07,136.54
2.3257e+07,138.8
2.3257e+07,137.86
2.3257e+07,137.95
2.3257e+07,137.89
2.3257e+07,114.45
2.3257e+07,119.22
2.3257e+07,108.3
2.3257e+07,107.63
2.3257e+07,106.82
2.3257e+07,106.41
2.3257e+07,103.02
2.3257e+07,99.247
2.3257e+07,104.79
2.3257e+07,106.22
2.3282e+07,104.17
2.3282e+07,101.27
2.3282e+07,101.05
2.3282e+07,100.59
2.3282e+07,100.29
2.3282e+07,100.32
2.3282e+07,100.01
2.3282e+07,99.692
2.3282e+07,99.495
2.3282e+07,99.277
2.3282e+07,99.147
2.3282e+07,98.82
2.3282e+07,98.687
2.3282e+07,96.857
2.3282e+07,93.827
2.3282e+07,86.425
2.3282e+07,92.58
2.3282e+07,94.788
2.3282e+07,95.905
2.3282e+07,96.34
2.3282e+07,96.463
2.3282e+07,96.493
2.3282e+07,96.57
2.3282e+07,96.508
2.3282e+07,96.46
2.3282e+07,96.48
2.3282e+07,96.27
2.3282e+07,96.195
2.3282e+07,96.183
2.3282e+07,78.732
2.3282e+07,7.925
2.3282e+07,7.5867
2.3282e+07,7.5583
2.3282e+07,7.305
2.3282e+07,7.8217
2.3282e+07,7.2383
2.3282e+07,7.3
2.3282e+07,7.245
2.3282e+07,7.26
2.3282e+07,7.2583
2.3282e+07,7.4567
2.3282e+07,7.535
2.3282e+07,7.6067
2.3282e+07,7.5467
2.3282e+07,7.5683
2.3282e+07,7.5433
2.3282e+07,6.1833
2.3282e+07,67.342
2.3282e+07,108.84
2.3282e+07,130.75
2.3282e+07,124.16
2.3282e+07,121.53
2.3282e+07,123.72
2.3282e+07,124.45
2.3282e+07,124.91
2.3282e+07,125.08
2.3282e+07,125.15
2.3282e+07,125.34
2.3282e+07,125.38
2.3282e+07,125.49
2.3282e+07,125.51
2.3282e+07,125.57
2.3282e+07,125.56
2.3282e+07,125.62
2.3282e+07,125.63
2.3282e+07,125.69
2.3282e+07,125.65
2.3282e+07,124.46
2.3282e+07,124.34
2.3282e+07,111.79
2.3282e+07,105.49
2.3282e+07,102.3
2.3282e+07,100.82
2.3282e+07,100.01
2.3282e+07,99.068
2.3282e+07,98.492
2.3282e+07,100.43
2.3282e+07,99.328
2.3282e+07,98.728
2.3282e+07,98.493
2.3282e+07,98.048
2.3282e+07,97.923
2.3282e+07,97.727
2.3282e+07,97.428
2.3282e+07,97.163
2.3282e+07,96.883
2.3282e+07,96.778
2.3282e+07,96.543
2.3282e+07,96.55
2.3282e+07,96.24
2.3282e+07,96.122
2.3282e+07,95.962
2.3282e+07,95.72
2.3282e+07,62.363
2.3282e+07,7.875
2.3282e+07,7.55
2.3282e+07,7.525
2.3282e+07,7.505
2.3282e+07,7.5883
2.3282e+07,7.6
2.3282e+07,7.615
2.3282e+07,7.6083
2.3282e+07,7.6217
2.3282e+07,7.4383
2.3282e+07,7.2817
2.3282e+07,7.1317
2.3282e+07,5.9583
2.3282e+07,225.92
2.3282e+07,287.41
2.3282e+07,306.34
2.3282e+07,234.16
2.3282e+07,143.99
2.3282e+07,139.11
2.3282e+07,125.11
2.3282e+07,125.48
2.3282e+07,125.71
2.3282e+07,125.84
2.3282e+07,125.98
2.3282e+07,126.1
2.3282e+07,126.13
2.3282e+07,126.17
2.3282e+07,126.21
2.3282e+07,126.51
2.3282e+07,116.37
2.3282e+07,107.53
2.3282e+07,103.91
2.3282e+07,102.1
2.3282e+07,100.97
2.3282e+07,100.18
2.3282e+07,99.648
2.3282e+07,99.258
2.3282e+07,99.002
2.3282e+07,98.417
2.3282e+07,98.323
2.3282e+07,97.917
2.3282e+07,97.77
2.3282e+07,97.498
2.3282e+07,97.29
2.3282e+07,96.995
2.3282e+07,96.828
2.3282e+07,96.622
2.3282e+07,94.572
2.3282e+07,87.343
2.3282e+07,92.143
2.3282e+07,93.557
2.3282e+07,94.21
2.3282e+07,94.418
2.3282e+07,94.597
2.3282e+07,68.917
2.3282e+07,7.95
2.3282e+07,7.6817
2.3282e+07,7.9983
2.3282e+07,9.0983
2.3282e+07,8.3333
2.3282e+07,7.585
2.3282e+07,7.6233
2.3282e+07,7.8117
2.3282e+07,7.5867
2.3282e+07,7.5517
2.3282e+07,7.5817
2.3282e+07,7.4967
2.3282e+07,7.5817
2.3282e+07,7.4917
2.3282e+07,7.5417
2.3282e+07,7.5017
2.3282e+07,7.6133
2.3282e+07,66.335
2.3282e+07,108.65
2.3282e+07,131.78
2.3282e+07,129.59
2.3282e+07,125.32
2.3282e+07,126.92
2.3282e+07,127.2
2.3282e+07,127.32
2.3282e+07,127.22
2.3282e+07,127.05
2.3282e+07,126.91
2.3282e+07,126.72
2.3282e+07,126.71
2.3282e+07,126.62
2.3282e+07,126.48
2.3282e+07,126.62
2.3282e+07,126.87
2.3282e+07,126.79
2.3282e+07,126.74
2.3282e+07,126.68
2.3282e+07,126.6
2.3282e+07,126.62
2.3282e+07,122.02
2.3282e+07,109.89
2.3282e+07,105.08
2.3282e+07,102.59
2.3282e+07,101.22
2.3282e+07,100.24
2.3282e+07,99.622
2.3282e+07,99.132
2.3282e+07,98.765
2.3282e+07,97.835
2.3282e+07,96.673
2.3282e+07,96.307
2.3282e+07,96.213
2.3282e+07,95.893
2.3282e+07,95.59
2.3282e+07,95.468
2.3282e+07,95.075
2.3282e+07,95.032
2.3282e+07,94.827
2.3282e+07,94.583
2.3282e+07,94.408
2.3282e+07,94.158
2.3282e+07,94.132
2.3282e+07,93.982
2.3282e+07,7.6217
2.3282e+07,6.31
2.3282e+07,6.145
2.3282e+07,7.62
2.3282e+07,12.898
2.3282e+07,8.0267
2.3282e+07,7.575
2.3282e+07,7.5833
2.3282e+07,7.6067
2.3282e+07,7.5667
2.3282e+07,7.5967
2.3282e+07,7.5383
2.3282e+07,7.5683
2.3282e+07,7.5583
2.3282e+07,7.54
2.3282e+07,7.5683
2.3282e+07,7.5417
2.3282e+07,7.5883
2.3282e+07,47.87
2.3282e+07,103.5
2.3282e+07,130.17
2.3282e+07,128.47
2.3282e+07,122.06
2.3282e+07,123.35
2.3282e+07,123.75
2.3282e+07,124.07
2.3282e+07,124.37
2.3282e+07,124.5
2.3282e+07,124.75
2.3282e+07,124.91
2.3282e+07,124.96
2.3282e+07,125.1
2.3282e+07,125.33
2.3282e+07,125.45
2.3282e+07,125.61
2.3282e+07,112.97
2.3282e+07,105.14
2.3282e+07,101.54
2.3282e+07,99.84
2.3282e+07,98.782
2.3282e+07,97.94
2.3282e+07,97.17
2.3282e+07,96.627
2.3282e+07,96.303
2.3282e+07,95.957
2.3282e+07,95.805
2.3282e+07,95.57
2.3282e+07,95.57
2.3282e+07,95.292
2.3282e+07,95.073
2.3282e+07,94.942
2.3282e+07,94.518
2.3282e+07,94.447
2.3282e+07,94.377
2.3282e+07,94.27
2.3282e+07,93.925
2.3282e+07,93.938
2.3282e+07,24.812
2.3282e+07,6.6267
2.3282e+07,6.3167
2.3282e+07,6.3183
2.3282e+07,6.3483
2.3282e+07,6.9567
2.3282e+07,6.36
2.3282e+07,6.3733
2.3282e+07,6.3133
2.3282e+07,6.3417
2.3282e+07,6.36
2.3282e+07,6.3433
2.3282e+07,6.31
2.3282e+07,6.3217
2.3282e+07,6.3083
2.3282e+07,6.3667
2.3282e+07,6.3083
2.3282e+07,6.375
2.3282e+07,7.7967
2.3282e+07,110.7
2.3282e+07,121.14
2.3282e+07,128.89
2.3282e+07,120.62
2.3282e+07,120.86
2.3282e+07,121.87
2.3282e+07,124.22
2.3282e+07,126.26
2.3282e+07,123.83
2.3282e+07,124.21
2.3282e+07,124.36
2.3282e+07,124.51
2.3282e+07,124.71
2.3282e+07,124.78
2.3282e+07,124.81
2.3282e+07,118.98
2.3282e+07,107.88
2.3282e+07,103.49
2.3282e+07,101.27
2.3282e+07,99.95
2.3282e+07,99.292
2.3282e+07,98.715
2.3282e+07,98.22
2.3282e+07,97.728
2.3282e+07,97.337
2.3282e+07,97.142
2.3282e+07,96.778
2.3282e+07,96.593
2.3282e+07,96.413
2.3282e+07,96.145
2.3282e+07,95.868
2.3282e+07,95.717
2.3282e+07,95.407
2.3282e+07,95.37
2.3282e+07,95.195
2.3282e+07,95.15
2.3282e+07,94.898
2.3282e+07,52.448
2.3282e+07,6.49
2.3282e+07,6.12
2.3282e+07,6.165
2.3282e+07,6.1333
2.3282e+07,6.7083
2.3282e+07,6.0783
2.3282e+07,5.8583
2.3282e+07,5.8433
2.3282e+07,5.8383
2.3282e+07,5.8667
2.3282e+07,5.8283
2.3282e+07,5.8583
2.3282e+07,5.9883
2.3282e+07,6.1017
2.3282e+07,6.2067
2.3282e+07,6.12
2.3282e+07,6.1533
2.3282e+07,6.1383
2.3282e+07,52.468
2.3282e+07,103
2.3282e+07,128.7
2.3282e+07,124.77
2.3282e+07,118.83
2.3282e+07,120.64
2.3282e+07,121.28
2.3282e+07,121.7
2.3282e+07,122.01
2.3282e+07,122.22
2.3282e+07,122.43
2.3282e+07,122.58
2.3282e+07,122.71
2.3282e+07,122.89
2.3282e+07,122.91
2.3282e+07,117.54
2.3282e+07,106.37
2.3282e+07,101.9
2.3282e+07,99.598
2.3282e+07,98.462
2.3282e+07,97.68
2.3282e+07,96.977
2.3282e+07,96.655
2.3282e+07,96.31
2.3282e+07,95.837
2.3282e+07,95.508
2.3282e+07,95.248
2.3282e+07,95.148
2.3282e+07,94.707
2.3282e+07,94.592
2.3282e+07,94.348
2.3282e+07,94.163
2.3282e+07,93.972
2.3282e+07,93.903
2.3282e+07,93.697
2.3282e+07,93.542
2.3282e+07,93.367
2.3282e+07,12.697
2.3282e+07,6.4817
2.3282e+07,6.1517
2.3282e+07,6.205
2.3282e+07,6.1483
2.3282e+07,6.6967
2.3282e+07,6.1283
2.3282e+07,5.9717
2.3282e+07,5.9317
2.3283e+07,5.945
2.3283e+07,5.8833
2.3283e+07,5.9333
2.3283e+07,5.8983
2.3283e+07,5.8567
2.3283e+07,5.9567
2.3283e+07,5.9083
2.3283e+07,5.8633
2.3283e+07,5.915
2.3283e+07,5.8683
2.3283e+07,89.495
2.3283e+07,113.95
2.3283e+07,128.86
2.3283e+07,120.67
2.3283e+07,119.14
2.3283e+07,120.74
2.3283e+07,121.24
2.3283e+07,121.63
2.3283e+07,121.92
2.3283e+07,122.06
2.3283e+07,122.29
2.3283e+07,122.45
2.3283e+07,122.63
2.3283e+07,122.43
2.3283e+07,118.21
2.3283e+07,106.54
2.3283e+07,101.84
2.3283e+07,99.217
2.3283e+07,98.012
2.3283e+07,97.255
2.3283e+07,96.83
2.3283e+07,96.537
2.3283e+07,96.047
2.3283e+07,95.627
2.3283e+07,95.377
2.3283e+07,95.038
2.3283e+07,94.852
2.3283e+07,94.602
2.3283e+07,94.512
2.3283e+07,94.222
2.3283e+07,93.963
2.3283e+07,93.642
2.3283e+07,78.537
2.3283e+07,6.2317
2.3283e+07,6.1317
2.3283e+07,6.0983
2.3283e+07,6.125
2.3283e+07,6.6683
2.3283e+07,6.0767
2.3283e+07,6.025
2.3283e+07,6.115
2.3283e+07,6.1067
2.3283e+07,6.04
2.3283e+07,6.0683
2.3283e+07,6.115
2.3283e+07,6.065
2.3283e+07,6.1283
2.3283e+07,46.458
2.3283e+07,153.71
2.3283e+07,153.47
2.3283e+07,153.12
2.3283e+07,153
2.3283e+07,152.91
2.3283e+07,152.72
2.3283e+07,152.65
2.3283e+07,152.56
2.3283e+07,152.44
2.3283e+07,152.53
2.3283e+07,152.45
2.3283e+07,152.5
2.3283e+07,39.802
2.3283e+07,4.2767
2.3283e+07,4.3133
2.3283e+07,4.2933
2.3283e+07,4.2933
2.3283e+07,4.305
2.3283e+07,4.2933
2.3283e+07,4.305
2.3283e+07,4.3167
2.3283e+07,4.3417
2.3283e+07,87.235
2.3283e+07,112.81
2.3283e+07,110.68
2.3283e+07,98.515
2.3283e+07,96.38
2.3283e+07,118.81
2.3283e+07,122.19
2.3283e+07,123.94
2.3283e+07,124.93
2.3283e+07,125.61
2.3283e+07,125.95
2.3283e+07,125.92
2.3283e+07,125.99
2.3283e+07,126.08
2.3283e+07,125.99
2.3283e+07,126
2.3283e+07,126.01
2.3283e+07,125.9
2.3283e+07,125.92
2.3283e+07,125.94
2.3283e+07,125.94
2.3283e+07,125.86
2.3283e+07,125.77
2.3283e+07,125.74
2.3283e+07,125.08
2.3283e+07,124.96
2.3283e+07,124.06
2.3283e+07,101.87
2.3283e+07,99.58
2.3283e+07,98.72
2.3283e+07,98.737
2.3283e+07,98.36
2.3283e+07,94.872
2.3283e+07,91.905
2.3283e+07,88.222
2.3283e+07,93.557
2.3283e+07,94.97
2.3283e+07,95.622
2.3283e+07,95.915
2.3283e+07,96.097
2.3283e+07,96.228
2.3283e+07,96.103
2.3283e+07,96.29
2.3283e+07,96.887
2.3283e+07,95.928
2.3283e+07,95.825
2.3283e+07,95.703
2.3283e+07,95.447
2.3283e+07,95.392
2.3283e+07,95.337
2.3283e+07,95.162
2.3283e+07,70.553
2.3283e+07,7.7983
2.3283e+07,7.455
2.3283e+07,7.485
2.3283e+07,7.4883
2.3283e+07,8.6017
2.3283e+07,8.5567
2.3283e+07,7.7483
2.3283e+07,8.0033
2.3283e+07,7.1433
2.3283e+07,43.88
2.3283e+07,104.12
2.3283e+07,129.63
2.3283e+07,124.99
2.3283e+07,121.98
2.3283e+07,126.11
2.3283e+07,127.6
2.3283e+07,128.4
2.3283e+07,128.7
2.3283e+07,128.77
2.3283e+07,128.87
2.3283e+07,128.75
2.3283e+07,128.62
2.3283e+07,212.1
2.3283e+07,304.78
2.3283e+07,304.25
2.3283e+07,276.39
2.3283e+07,145.38
2.3283e+07,133.2
2.3283e+07,114.12
2.3283e+07,112.65
2.3283e+07,112.68
2.3283e+07,112.59
2.3283e+07,112.37
2.3283e+07,111.78
2.3283e+07,115.75
2.3283e+07,110.77
2.3283e+07,110.37
2.3283e+07,109.98
2.3283e+07,109.57
2.3283e+07,109.31
2.3283e+07,109.07
2.3283e+07,108.73
2.3283e+07,108.34
2.3283e+07,108.2
2.3283e+07,107.77
2.3283e+07,107.59
2.3283e+07,107.53
2.3283e+07,107.1
2.3283e+07,106.89
2.3283e+07,106.79
2.3283e+07,106.54
2.3283e+07,106.45
2.3283e+07,106.24
2.3283e+07,106.01
2.3283e+07,105.93
2.3283e+07,105.68
2.3283e+07,105.54
2.3283e+07,105.3
2.3283e+07,105.15
2.3283e+07,104.99
2.3283e+07,104.96
2.3283e+07,104.91
2.3283e+07,104.21
2.3283e+07,104.32
2.3283e+07,104.22
2.3283e+07,103.12
2.3283e+07,102.57
2.3283e+07,102.44
2.3283e+07,102.42
2.3283e+07,102.48
2.3283e+07,102.47
2.3283e+07,102.18
2.3283e+07,102.17
2.3283e+07,102.17
2.3283e+07,101.96
2.3283e+07,101.86
2.3283e+07,101.85
2.3283e+07,101.74
2.3283e+07,101.49
2.3283e+07,101.52
2.3283e+07,101.39
2.3283e+07,101.32
2.3283e+07,101.34
2.3283e+07,136.64
2.3283e+07,264.55
2.3283e+07,266.77
2.3283e+07,267.27
2.3283e+07,145.94
2.3283e+07,35.118
2.3283e+07,6.61
2.3283e+07,6.25
2.3283e+07,6.2
2.3283e+07,6.0867
2.3283e+07,6.6333
2.3283e+07,6.215
2.3283e+07,6.195
2.3283e+07,6.1767
2.3283e+07,6.1533
2.3283e+07,6.1867
2.3283e+07,6.16
2.3283e+07,6.1267
2.3283e+07,6.1383
2.3283e+07,6.1683
2.3283e+07,6.1967
2.3283e+07,61.655
2.3283e+07,104.59
2.3283e+07,129.65
2.3283e+07,128.54
2.3283e+07,122.36
2.3283e+07,122.88
2.3283e+07,123.18
2.3283e+07,123.3
2.3283e+07,123.34
2.3283e+07,123.6
2.3283e+07,123.77
2.3283e+07,123.88
2.3283e+07,124.23
2.3283e+07,124.2
2.3283e+07,124.31
2.3283e+07,124.39
2.3283e+07,124.39
2.3283e+07,124.43
2.3283e+07,124.56
2.3283e+07,124.58
2.3283e+07,123.09
2.3283e+07,109.81
2.3283e+07,103.99
2.3283e+07,101
2.3283e+07,99.36
2.3283e+07,98.537
2.3283e+07,97.787
2.3283e+07,97.242
2.3283e+07,96.775
2.3283e+07,96.387
2.3283e+07,96.167
2.3283e+07,95.87
2.3283e+07,95.56
2.3283e+07,95.243
2.3283e+07,95.123
2.3283e+07,94.89
2.3283e+07,94.685
2.3283e+07,94.408
2.3283e+07,94.427
2.3283e+07,54.942
2.3283e+07,6.3267
2.3283e+07,6.25
2.3283e+07,6.2483
2.3283e+07,6.2583
2.3283e+07,6.855
2.3283e+07,6.2133
2.3283e+07,6.2717
2.3283e+07,6.23
2.3283e+07,6.2667
2.3283e+07,6.2017
2.3283e+07,6.2367
2.3283e+07,6.1683
2.3283e+07,6.205
2.3283e+07,307.63
2.3283e+07,268.44
2.3283e+07,266.79
2.3283e+07,265.27
2.3283e+07,335.57
2.3283e+07,366.29
2.3283e+07,377.02
2.3283e+07,464.5
2.3283e+07,371.15
2.3283e+07,458.92
2.3283e+07,459.07
2.3283e+07,374.14
2.3283e+07,457.8
2.3283e+07,373.32
2.3283e+07,462.25
2.3283e+07,372.09
2.3283e+07,460.2
2.3283e+07,371.49
2.3283e+07,371.33
2.3283e+07,470.75
2.3283e+07,371.21
2.3283e+07,470.97
2.3283e+07,443.75
2.3283e+07,369.9
2.3283e+07,448.15
2.3283e+07,353.43
2.3283e+07,442.56
2.3283e+07,346.64
2.3283e+07,346.54
2.3283e+07,346.43
2.3283e+07,346.17
2.3283e+07,319.64
2.3283e+07,101.03
2.3283e+07,100.2
2.3283e+07,99.942
2.3283e+07,99.857
2.3283e+07,96.75
2.3283e+07,95.948
2.3283e+07,95.97
2.3283e+07,95.723
2.3283e+07,95.578
2.3283e+07,55.002
2.3283e+07,7.8967
2.3283e+07,7.5483
2.3283e+07,7.55
2.3283e+07,7.545
2.3283e+07,8.135
2.3283e+07,7.57
2.3283e+07,7.5967
2.3283e+07,7.5767
2.3283e+07,7.5417
2.3283e+07,7.5183
2.3283e+07,7.5683
2.3283e+07,7.5267
2.3283e+07,7.525
2.3283e+07,6.345
2.3283e+07,6.295
2.3283e+07,6.2583
2.3283e+07,6.26
2.3283e+07,10.558
2.3283e+07,110.03
2.3283e+07,122.08
2.3283e+07,129.24
2.3283e+07,121.13
2.3283e+07,121.37
2.3283e+07,122.17
2.3283e+07,122.44
2.3283e+07,122.74
2.3283e+07,122.87
2.3283e+07,123.07
2.3283e+07,123.27
2.3283e+07,123.25
2.3283e+07,123.43
2.3283e+07,123.48
2.3283e+07,123.48
2.3283e+07,112.14
2.3283e+07,104.54
2.3283e+07,101.24
2.3283e+07,99.447
2.3283e+07,99.32
2.3283e+07,91.625
2.3283e+07,95.547
2.3283e+07,96.495
2.3283e+07,96.703
2.3283e+07,96.918
2.3283e+07,96.773
2.3283e+07,96.823
2.3283e+07,96.543
2.3283e+07,96.542
2.3283e+07,96.238
2.3283e+07,95.945
2.3283e+07,95.918
2.3283e+07,95.733
2.3283e+07,93.392
2.3283e+07,87.428
2.3283e+07,59.305
2.3283e+07,8.185
2.3283e+07,7.8217
2.3283e+07,7.7633
2.3283e+07,7.825
2.3283e+07,8.4
2.3283e+07,7.7917
2.3283e+07,7.8183
2.3283e+07,7.835
2.3283e+07,7.7367
2.3283e+07,7.7767
2.3283e+07,7.785
2.3283e+07,7.7217
2.3283e+07,7.7867
2.3283e+07,7.7717
2.3283e+07,7.7433
2.3283e+07,7.795
2.3283e+07,7.76
2.3283e+07,51.152
2.3283e+07,103.04
2.3283e+07,129.21
2.3283e+07,128.67
2.3283e+07,122.69
2.3283e+07,124.02
2.3283e+07,124.33
2.3283e+07,124.56
2.3283e+07,124.63
2.3283e+07,124.63
2.3283e+07,124.74
2.3283e+07,123.77
2.3283e+07,123.39
2.3283e+07,123.5
2.3283e+07,123.59
2.3283e+07,123.61
2.3283e+07,123.66
2.3283e+07,122.49
2.3283e+07,110.07
2.3283e+07,103.72
2.3283e+07,100.48
2.3283e+07,98.923
2.3283e+07,97.825
2.3283e+07,97.233
2.3283e+07,96.838
2.3283e+07,96.278
2.3283e+07,95.955
2.3283e+07,95.507
2.3283e+07,95.135
2.3283e+07,94.858
2.3283e+07,94.76
2.3283e+07,94.465
2.3283e+07,94.247
2.3283e+07,93.89
2.3283e+07,93.88
2.3283e+07,93.697
2.3283e+07,93.705
2.3283e+07,76.18
2.3283e+07,6.415
2.3283e+07,6.385
2.3283e+07,6.3817
2.3283e+07,6.33
2.3283e+07,8.6183
2.3283e+07,7.88
2.3283e+07,7.515
2.3283e+07,8.14
2.3283e+07,7.545
2.3283e+07,29.802
2.3283e+07,106.16
2.3283e+07,124.18
2.3283e+07,126.48
2.3283e+07,119.92
2.3283e+07,122.06
2.3283e+07,123.14
2.3283e+07,124.04
2.3283e+07,124.27
2.3283e+07,124.68
2.3283e+07,124.84
2.3283e+07,124.79
2.3283e+07,124.96
2.3283e+07,124.88
2.3283e+07,123.72
2.3283e+07,111.74
2.3283e+07,105.92
2.3283e+07,102.99
2.3283e+07,101.76
2.3283e+07,100.66
2.3283e+07,99.955
2.3283e+07,99.322
2.3283e+07,98.905
2.3283e+07,98.473
2.3283e+07,97.995
2.3283e+07,97.523
2.3283e+07,97.227
2.3283e+07,96.78
2.3283e+07,96.75
2.3283e+07,95.078
2.3283e+07,94.487
2.3283e+07,94.29
2.3283e+07,94.095
2.3283e+07,68.127
2.3283e+07,6.5233
2.3283e+07,6.2267
2.3283e+07,6.24
2.3283e+07,6.2117
2.3283e+07,6.79
2.3283e+07,6.2417
2.3283e+07,6.2567
2.3283e+07,6.2133
2.3283e+07,6.215
2.3283e+07,6.265
2.3283e+07,6.255
2.3283e+07,6.2417
2.3283e+07,6.2667
2.3283e+07,6.4017
2.3283e+07,6.4233
2.3283e+07,6.3767
2.3283e+07,6.375
2.3283e+07,6.4567
2.3283e+07,6.3683
2.3283e+07,6.3633
2.3283e+07,6.355
2.3283e+07,6.3683
2.3283e+07,6.455
2.3283e+07,6.44
2.3283e+07,6.4667
2.3283e+07,6.465
2.3283e+07,6.4667
2.3283e+07,6.4767
2.3283e+07,32.217
2.3283e+07,104.5
2.3283e+07,103.83
2.3283e+07,124.14
2.3283e+07,125.06
2.3283e+07,119.74
2.3283e+07,120.56
2.3283e+07,120.9
2.3283e+07,121.29
2.3283e+07,121.4
2.3283e+07,121.46
2.3283e+07,121.62
2.3283e+07,121.68
2.3283e+07,121.87
2.3283e+07,121.93
2.3283e+07,111.09
2.3283e+07,103.93
2.3283e+07,100.69
2.3283e+07,98.92
2.3283e+07,97.747
2.3283e+07,96.862
2.3283e+07,96.505
2.3283e+07,96.005
2.3283e+07,95.543
2.3283e+07,95.04
2.3283e+07,95.02
2.3283e+07,94.653
2.3283e+07,94.347
2.3283e+07,94.302
2.3283e+07,93.942
2.3283e+07,93.792
2.3283e+07,93.465
2.3283e+07,93.41
2.3283e+07,93.243
2.3283e+07,93.073
2.3283e+07,93.058
2.3283e+07,92.933
2.3283e+07,92.778
2.3283e+07,92.622
2.3283e+07,10.88
2.3283e+07,6.4333
2.3283e+07,6.1983
2.3283e+07,6.1817
2.3283e+07,6.2017
2.3283e+07,6.8133
2.3283e+07,6.2083
2.3283e+07,6.2717
2.3283e+07,6.2233
2.3283e+07,6.1833
2.3283e+07,6.0467
2.3283e+07,6.095
2.3283e+07,6.055
2.3283e+07,6.0883
2.3283e+07,6.1133
2.3283e+07,6.0467
2.3283e+07,6.0783
2.3283e+07,6.0583
2.3283e+07,6.0883
2.3283e+07,5.995
2.3283e+07,6.075
2.3283e+07,6.085
2.3283e+07,6.0567
2.3283e+07,6.035
2.3283e+07,6.1117
2.3283e+07,6.0733
2.3283e+07,6.025
2.3283e+07,6.0517
2.3283e+07,6.11
2.3283e+07,5.9567
2.3283e+07,6.09
2.3283e+07,74.467
2.3283e+07,390.86
2.3283e+07,390.44
2.3283e+07,389.58
2.3283e+07,389.13
2.3283e+07,388.52
2.3283e+07,387.98
2.3283e+07,387.45
2.3283e+07,387.47
2.3283e+07,387.52
2.3283e+07,387.37
2.3283e+07,387.53
2.3283e+07,352.69
2.3283e+07,237.27
2.3283e+07,237.36
2.3283e+07,237.4
2.3283e+07,237.27
2.3283e+07,237.31
2.3283e+07,237.07
2.3283e+07,237.2
2.3283e+07,191.67
2.3283e+07,4.5933
2.3283e+07,4.3833
2.3283e+07,4.42
2.3283e+07,4.355
2.3283e+07,4.3867
2.3283e+07,4.3933
2.3283e+07,4.325
2.3283e+07,4.3633
2.3283e+07,4.29
2.3283e+07,53.597
2.3283e+07,130.57
2.3283e+07,139.65
2.3283e+07,143.89
2.3283e+07,142.4
2.3283e+07,133.16
2.3283e+07,137.03
2.3283e+07,139.65
2.3283e+07,139.88
2.3283e+07,139.7
2.3283e+07,139.34
2.3283e+07,138.88
2.3283e+07,138.25
2.3283e+07,137.7
2.3283e+07,137.22
2.3283e+07,136.68
2.3283e+07,136.2
2.3283e+07,135.76
2.3283e+07,135.45
2.3283e+07,135
2.3283e+07,134.7
2.3283e+07,134.27
2.3283e+07,133.93
2.3283e+07,133.54
2.3283e+07,133.3
2.3283e+07,132.95
2.3283e+07,132.74
2.3283e+07,132.47
2.3283e+07,132.03
2.3283e+07,131.71
2.3283e+07,131.44
2.3283e+07,131.18
2.3283e+07,126.63
2.3283e+07,115.3
2.3283e+07,110.34
2.3283e+07,107.78
2.3283e+07,106.25
2.3283e+07,105.19
2.3283e+07,104.67
2.3283e+07,104.09
2.3283e+07,103.21
2.3283e+07,102.86
2.3283e+07,102.5
2.3283e+07,101.96
2.3283e+07,101.53
2.3283e+07,101.22
2.3283e+07,100.96
2.3283e+07,100.58
2.3283e+07,100.27
2.3283e+07,99.91
2.3283e+07,97.642
2.3283e+07,99.018
2.3283e+07,99.738
2.3283e+07,99.727
2.3283e+07,98.167
2.3283e+07,88.378
2.3283e+07,92.407
2.3283e+07,95.723
2.3283e+07,96.833
2.3283e+07,97.592
2.3283e+07,97.538
2.3283e+07,97.768
2.3283e+07,98.053
2.3283e+07,97.702
2.3283e+07,97.573
2.3283e+07,97.355
2.3283e+07,97.09
2.3283e+07,97.017
2.3283e+07,96.76
2.3283e+07,96.727
2.3283e+07,96.613
2.3283e+07,96.38
2.3283e+07,96.312
2.3283e+07,60.228
2.3283e+07,7.81
2.3283e+07,7.5183
2.3283e+07,7.4733
2.3283e+07,7.465
2.3283e+07,8.1217
2.3283e+07,7.495
2.3283e+07,7.4767
2.3283e+07,7.4733
2.3283e+07,7.4767
2.3283e+07,7.4983
2.3283e+07,7.4967
2.3283e+07,7.62
2.3283e+07,6.25
2.3283e+07,6.1083
2.3283e+07,6.0983
2.3283e+07,6.1617
2.3283e+07,58.38
2.3283e+07,106.14
2.3283e+07,131.01
2.3283e+07,126.11
2.3283e+07,121.51
2.3283e+07,123.74
2.3283e+07,124.42
2.3283e+07,124.68
2.3283e+07,124.86
2.3283e+07,125
2.3283e+07,125.06
2.3283e+07,125.11
2.3283e+07,125.15
2.3283e+07,125.17
2.3283e+07,125.31
2.3283e+07,125.28
2.3283e+07,125.28
2.3283e+07,125.42
2.3283e+07,125.41
2.3283e+07,125.61
2.3283e+07,115.55
2.3283e+07,106.98
2.3283e+07,103.08
2.3283e+07,101.25
2.3283e+07,100.13
2.3283e+07,99.34
2.3283e+07,98.702
2.3283e+07,98.34
2.3283e+07,97.977
2.3283e+07,97.965
2.3283e+07,97.518
2.3283e+07,97.065
2.3283e+07,97.133
2.3283e+07,96.803
2.3283e+07,96.522
2.3283e+07,94.415
2.3283e+07,92.068
2.3283e+07,94.805
2.3283e+07,95.418
2.3283e+07,95.625
2.3283e+07,95.903
2.3283e+07,96.085
2.3283e+07,95.857
2.3283e+07,95.85
2.3283e+07,12.107
2.3283e+07,8.0017
2.3283e+07,7.6417
2.3283e+07,7.6333
2.3283e+07,7.6417
2.3283e+07,8.27
2.3283e+07,7.61
2.3283e+07,7.65
2.3283e+07,7.6433
2.3283e+07,7.6283
2.3283e+07,7.5317
2.3283e+07,7.5433
2.3283e+07,7.64
2.3283e+07,7.7083
2.3283e+07,7.68
2.3283e+07,7.7117
2.3283e+07,47.253
2.3283e+07,103.61
2.3283e+07,130.12
2.3283e+07,127.65
2.3283e+07,121.61
2.3283e+07,123.22
2.3283e+07,123.79
2.3283e+07,123.02
2.3283e+07,122.85
2.3283e+07,122.92
2.3283e+07,123.19
2.3283e+07,123.33
2.3283e+07,123.44
2.3283e+07,123.56
2.3283e+07,123.72
2.3283e+07,123.71
2.3283e+07,122.62
2.3283e+07,110.18
2.3283e+07,104.16
2.3283e+07,101.45
2.3283e+07,99.745
2.3283e+07,98.765
2.3283e+07,98.093
2.3283e+07,97.702
2.3283e+07,97.29
2.3283e+07,96.858
2.3283e+07,96.363
2.3283e+07,96.187
2.3283e+07,95.9
2.3283e+07,95.672
2.3283e+07,95.423
2.3283e+07,95.142
2.3283e+07,94.94
2.3283e+07,94.492
2.3283e+07,94.378
2.3283e+07,94.197
2.3283e+07,94.017
2.3283e+07,12.195
2.3283e+07,6.285
2.3283e+07,6.1517
2.3283e+07,6.3483
2.3283e+07,6.5483
2.3283e+07,6.16
2.3283e+07,6.1367
2.3283e+07,6.155
2.3283e+07,6.1883
2.3283e+07,6.1817
2.3283e+07,6.18
2.3283e+07,6.1367
2.3283e+07,6.1583
2.3283e+07,6.2117
2.3283e+07,6.2167
2.3283e+07,6.16
2.3283e+07,6.245
2.3283e+07,76.622
2.3283e+07,110.33
2.3283e+07,129.19
2.3283e+07,121.57
2.3283e+07,118.77
2.3283e+07,120.85
2.3283e+07,121.39
2.3283e+07,121.76
2.3283e+07,121.99
2.3283e+07,122.18
2.3283e+07,122.52
2.3283e+07,122.69
2.3283e+07,122.9
2.3283e+07,123.06
2.3283e+07,117.77
2.3283e+07,106.79
2.3283e+07,102.58
2.3283e+07,100.11
2.3283e+07,98.8
2.3283e+07,97.965
2.3283e+07,97.568
2.3283e+07,97.072
2.3283e+07,96.517
2.3283e+07,96.17
2.3283e+07,96.058
2.3283e+07,95.47
2.3283e+07,95.215
2.3283e+07,94.928
2.3283e+07,94.87
2.3283e+07,94.72
2.3283e+07,94.368
2.3283e+07,94.135
2.3283e+07,94.05
2.3283e+07,93.947
2.3283e+07,93.938
2.3283e+07,53.062
2.3283e+07,6.32
2.3283e+07,6.1067
2.3283e+07,6.1117
2.3283e+07,6.115
2.3283e+07,6.74
2.3283e+07,6.1067
2.3283e+07,6.1183
2.3283e+07,6.1383
2.3283e+07,6.1017
2.3283e+07,6.1333
2.3283e+07,6.0933
2.3283e+07,6.07
2.3283e+07,6.1167
2.3283e+07,6.1417
2.3283e+07,6.0867
2.3283e+07,6.1383
2.3283e+07,6.105
2.3283e+07,6.1033
2.3283e+07,6.125
2.3283e+07,5.95
2.3283e+07,5.8433
2.3283e+07,5.8667
2.3283e+07,66.683
2.3283e+07,107.4
2.3283e+07,128.98
2.3283e+07,121.97
2.3283e+07,118.35
2.3283e+07,120.26
2.3283e+07,120.88
2.3283e+07,121.27
2.3283e+07,121.59
2.3283e+07,121.82
2.3283e+07,121.93
2.3283e+07,122.11
2.3283e+07,122.21
2.3283e+07,122.49
2.3283e+07,122.48
2.3283e+07,115.76
2.3283e+07,106
2.3283e+07,101.83
2.3283e+07,99.782
2.3283e+07,98.705
2.3283e+07,97.825
2.3283e+07,97.013
2.3283e+07,96.258
2.3283e+07,95.27
2.3283e+07,95.262
2.3283e+07,94.748
2.3283e+07,94.57
2.3283e+07,94.393
2.3283e+07,94.233
2.3283e+07,94.368
2.3283e+07,94.372
2.3283e+07,93.902
2.3283e+07,93.897
2.3283e+07,90.085
2.3283e+07,92.97
2.3283e+07,93.607
2.3283e+07,93.885
2.3283e+07,93.98
2.3283e+07,71.263
2.3283e+07,7.8667
2.3283e+07,7.43
2.3283e+07,7.5183
2.3283e+07,7.5567
2.3283e+07,8.12
2.3283e+07,7.5517
2.3283e+07,7.56
2.3283e+07,7.535
2.3283e+07,7.4767
2.3283e+07,7.5467
2.3283e+07,7.4867
2.3283e+07,7.5067
2.3283e+07,7.4333
2.3283e+07,7.55
2.3283e+07,7.505
2.3283e+07,7.4867
2.3283e+07,7.5383
2.3283e+07,7.5317
2.3283e+07,7.6783
2.3283e+07,7.625
2.3283e+07,7.47
2.3283e+07,7.5683
2.3283e+07,7.5733
2.3283e+07,7.505
2.3283e+07,7.51
2.3283e+07,83.418
2.3283e+07,113.47
2.3283e+07,131.07
2.3283e+07,123.95
2.3283e+07,121.42
2.3283e+07,122.9
2.3283e+07,123.42
2.3283e+07,123.61
2.3283e+07,123.67
2.3283e+07,123.81
2.3283e+07,123.95
2.3283e+07,123.99
2.3283e+07,124.02
2.3283e+07,124.19
2.3283e+07,124.27
2.3283e+07,107.33
2.3283e+07,107.28
2.3283e+07,103.85
2.3283e+07,101.48
2.3283e+07,100.05
2.3283e+07,99.273
2.3283e+07,98.722
2.3283e+07,98.19
2.3283e+07,97.793
2.3283e+07,97.448
2.3283e+07,97.037
2.3283e+07,95.51
2.3283e+07,95.193
2.3283e+07,94.988
2.3283e+07,94.627
2.3283e+07,94.445
2.3283e+07,94.293
2.3283e+07,94.047
2.3283e+07,93.995
2.3283e+07,93.763
2.3283e+07,93.558
2.3283e+07,93.538
2.3283e+07,93.282
2.3283e+07,93.193
2.3283e+07,57.443
2.3283e+07,6.41
2.3283e+07,6.1183
2.3283e+07,5.8217
2.3283e+07,5.7933
2.3283e+07,6.48
2.3283e+07,5.81
2.3283e+07,5.8567
2.3283e+07,8.2217
2.3283e+07,7.3367
2.3283e+07,7.58
2.3283e+07,7.595
2.3283e+07,7.58
2.3283e+07,7.59
2.3283e+07,7.595
2.3283e+07,7.61
2.3283e+07,7.5467
2.3283e+07,9.11
2.3283e+07,8.21
2.3283e+07,7.5083
2.3283e+07,7.5183
2.3283e+07,7.5567
2.3283e+07,7.5983
2.3283e+07,7.5217
2.3283e+07,7.5367
2.3283e+07,7.5533
2.3284e+07,81.792
2.3284e+07,131.79
2.3284e+07,124.69
2.3284e+07,121.9
2.3284e+07,123.17
2.3284e+07,123.47
2.3284e+07,123.78
2.3284e+07,124.05
2.3284e+07,124.09
2.3284e+07,124.26
2.3284e+07,124.4
2.3284e+07,124.48
2.3284e+07,124.51
2.3284e+07,124.7
2.3284e+07,124.83
2.3284e+07,116.22
2.3284e+07,103.55
2.3284e+07,100.98
2.3284e+07,99.848
2.3284e+07,99.18
2.3284e+07,98.588
2.3284e+07,98.038
2.3284e+07,97.637
2.3284e+07,97.353
2.3284e+07,96.955
2.3284e+07,96.767
2.3284e+07,96.405
2.3284e+07,96.175
2.3284e+07,95.972
2.3284e+07,95.823
2.3284e+07,95.663
2.3284e+07,95.36
2.3284e+07,95.272
2.3284e+07,95.018
2.3284e+07,94.92
2.3284e+07,94.738
2.3284e+07,91.123
2.3284e+07,88.96
2.3284e+07,81.69
2.3284e+07,7.9617
2.3284e+07,7.6233
2.3284e+07,7.525
2.3284e+07,7.2733
2.3284e+07,7.8533
2.3284e+07,7.26
2.3284e+07,7.3083
2.3284e+07,7.2733
2.3284e+07,7.2767
2.3284e+07,7.425
2.3284e+07,7.7767
2.3284e+07,7.7617
2.3284e+07,7.7683
2.3284e+07,7.755
2.3284e+07,7.7817
2.3284e+07,7.78
2.3284e+07,7.7467
2.3284e+07,7.755
2.3284e+07,7.8
2.3284e+07,7.835
2.3284e+07,7.7967
2.3284e+07,7.7433
2.3284e+07,7.785
2.3284e+07,7.795
2.3284e+07,7.7933
2.3284e+07,68.403
2.3284e+07,109.04
2.3284e+07,131.54
2.3284e+07,125.95
2.3284e+07,120.38
2.3284e+07,121.84
2.3284e+07,122.2
2.3284e+07,122.4
2.3284e+07,122.65
2.3284e+07,122.85
2.3284e+07,122.97
2.3284e+07,123.13
2.3284e+07,123.32
2.3284e+07,123.38
2.3284e+07,123.43
2.3284e+07,123.51
2.3284e+07,118.41
2.3284e+07,106.99
2.3284e+07,102.54
2.3284e+07,100.1
2.3284e+07,98.872
2.3284e+07,98.032
2.3284e+07,97.555
2.3284e+07,96.943
2.3284e+07,96.658
2.3284e+07,96.687
2.3284e+07,96.787
2.3284e+07,96.487
2.3284e+07,96.285
2.3284e+07,95.832
2.3284e+07,95.683
2.3284e+07,95.59
2.3284e+07,95.282
2.3284e+07,95.215
2.3284e+07,95.087
2.3284e+07,94.777
2.3284e+07,92.623
2.3284e+07,7.0767
2.3284e+07,6.3583
2.3284e+07,6.2
2.3284e+07,5.8733
2.3284e+07,147.68
2.3284e+07,171.8
2.3284e+07,171.96
2.3284e+07,89.758
2.3284e+07,10.54
2.3284e+07,15.01
2.3284e+07,111.09
2.3284e+07,125.76
2.3284e+07,138.45
2.3284e+07,139.62
2.3284e+07,138.53
2.3284e+07,138.4
2.3284e+07,138.57
2.3284e+07,138.68
2.3284e+07,138.73
2.3284e+07,137.73
2.3284e+07,123.3
2.3284e+07,117.59
2.3284e+07,112.58
2.3284e+07,110.86
2.3284e+07,110.01
2.3284e+07,108.99
2.3284e+07,108.64
2.3284e+07,108.21
2.3284e+07,107.82
2.3284e+07,107.45
2.3284e+07,107.31
2.3284e+07,107.02
2.3284e+07,106.85
2.3284e+07,106.28
2.3284e+07,106.29
2.3284e+07,106.18
2.3284e+07,105.99
2.3284e+07,105.88
2.3284e+07,105.53
2.3284e+07,105.37
2.3284e+07,105.29
2.3284e+07,105.16
2.3284e+07,105.02
2.3284e+07,104.85
2.3284e+07,104.66
2.3284e+07,31.772
2.3284e+07,7.8233
2.3284e+07,7.595
2.3284e+07,7.62
2.3284e+07,7.6017
2.3284e+07,8.165
2.3284e+07,7.6133
2.3284e+07,6.5467
2.3284e+07,6.2517
2.3284e+07,6.17
2.3284e+07,6.26
2.3284e+07,17.968
2.3284e+07,7.6367
2.3284e+07,7.5833
2.3284e+07,7.5833
2.3284e+07,138.84
2.3284e+07,159.33
2.3284e+07,159.46
2.3284e+07,159.34
2.3284e+07,159.37
2.3284e+07,158.72
2.3284e+07,158.69
2.3284e+07,158.65
2.3284e+07,158.46
2.3284e+07,158.43
2.3284e+07,158.43
2.3284e+07,158.43
2.3284e+07,20.24
2.3284e+07,6.1467
2.3284e+07,6.2067
2.3284e+07,6.195
2.3284e+07,6.155
2.3284e+07,6.165
2.3284e+07,6.165
2.3284e+07,6.185
2.3284e+07,6.1483
2.3284e+07,6.155
2.3284e+07,109.39
2.3284e+07,122.44
2.3284e+07,121.5
2.3284e+07,120.8
2.3284e+07,118.34
2.3284e+07,127.59
2.3284e+07,136.18
2.3284e+07,138.94
2.3284e+07,140.31
2.3284e+07,141.1
2.3284e+07,141.41
2.3284e+07,141.58
2.3284e+07,141.56
2.3284e+07,141.47
2.3284e+07,141.34
2.3284e+07,141.34
2.3284e+07,141.24
2.3284e+07,141.19
2.3284e+07,141.05
2.3284e+07,140.86
2.3284e+07,140.66
2.3284e+07,140.54
2.3284e+07,140.3
2.3284e+07,285.88
2.3284e+07,309.04
2.3284e+07,309.41
2.3284e+07,209.4
2.3284e+07,118.57
2.3284e+07,105.25
2.3284e+07,108.55
2.3284e+07,108.83
2.3284e+07,108.99
2.3284e+07,108.87
2.3284e+07,108.51
2.3284e+07,108.07
2.3284e+07,107.88
2.3284e+07,107.39
2.3284e+07,107.3
2.3284e+07,106.85
2.3284e+07,106.6
2.3284e+07,106.51
2.3284e+07,106.08
2.3284e+07,105.83
2.3284e+07,105.65
2.3284e+07,105.41
2.3284e+07,104.97
2.3284e+07,104.49
2.3284e+07,104.49
2.3284e+07,104.3
2.3284e+07,104.23
2.3284e+07,103.95
2.3284e+07,103.75
2.3284e+07,103.8
2.3284e+07,103.78
2.3284e+07,103.65
2.3284e+07,103.51
2.3284e+07,103.28
2.3284e+07,103.26
2.3284e+07,102.93
2.3284e+07,102.99
2.3284e+07,102.85
2.3284e+07,102.66
2.3284e+07,102.6
2.3284e+07,102.59
2.3284e+07,102.55
2.3284e+07,102.36
2.3284e+07,102.24
2.3284e+07,102.02
2.3284e+07,102.03
2.3284e+07,102.02
2.3284e+07,100.87
2.3284e+07,99.522
2.3284e+07,101.52
2.3284e+07,102.03
2.3284e+07,102.38
2.3284e+07,102.63
2.3284e+07,102.61
2.3284e+07,102.44
2.3284e+07,102.54
2.3284e+07,102.54
2.3284e+07,102.55
2.3284e+07,102.58
2.3284e+07,102.38
2.3284e+07,102.31
2.3284e+07,102.27
2.3284e+07,102
2.3284e+07,102.22
2.3284e+07,101.97
2.3284e+07,170.12
2.3284e+07,265.35
2.3284e+07,267.72
2.3284e+07,266.64
2.3284e+07,105.12
2.3284e+07,20.508
2.3284e+07,8.14
2.3284e+07,7.77
2.3284e+07,7.79
2.3284e+07,7.795
2.3284e+07,8.3333
2.3284e+07,7.7617
2.3284e+07,7.7667
2.3284e+07,7.7917
2.3284e+07,7.0583
2.3284e+07,6.3833
2.3284e+07,6.1633
2.3284e+07,6.09
2.3284e+07,6.11
2.3284e+07,6.075
2.3284e+07,6.085
2.3284e+07,64.893
2.3284e+07,104.14
2.3284e+07,104.61
2.3284e+07,128.51
2.3284e+07,128.59
2.3284e+07,126.9
2.3284e+07,121.88
2.3284e+07,121.88
2.3284e+07,122.83
2.3284e+07,122.84
2.3284e+07,123.1
2.3284e+07,123.47
2.3284e+07,123.59
2.3284e+07,123.76
2.3284e+07,123.75
2.3284e+07,123.79
2.3284e+07,123.8
2.3284e+07,123.94
2.3284e+07,123.95
2.3284e+07,123.95
2.3284e+07,124.15
2.3284e+07,123.96
2.3284e+07,124.18
2.3284e+07,124.16
2.3284e+07,124.16
2.3284e+07,124.15
2.3284e+07,120.56
2.3284e+07,107.67
2.3284e+07,102.49
2.3284e+07,99.918
2.3284e+07,98.368
2.3284e+07,97.723
2.3284e+07,96.845
2.3284e+07,96.275
2.3284e+07,96.02
2.3284e+07,95.608
2.3284e+07,95.408
2.3284e+07,95.017
2.3284e+07,94.818
2.3284e+07,94.485
2.3284e+07,94.282
2.3284e+07,94.082
2.3284e+07,93.72
2.3284e+07,25.715
2.3284e+07,6.635
2.3284e+07,6.2933
2.3284e+07,6.3733
2.3284e+07,6.34
2.3284e+07,6.89
2.3284e+07,6.3467
2.3284e+07,6.34
2.3284e+07,6.3083
2.3284e+07,6.3333
2.3284e+07,6.2917
2.3284e+07,5.885
2.3284e+07,5.9467
2.3284e+07,6.0517
2.3284e+07,6.1283
2.3284e+07,5.9183
2.3284e+07,6.0317
2.3284e+07,53.993
2.3284e+07,103.91
2.3284e+07,129.33
2.3284e+07,125.11
2.3284e+07,119.68
2.3284e+07,121.1
2.3284e+07,121.69
2.3284e+07,121.95
2.3284e+07,122.24
2.3284e+07,122.43
2.3284e+07,122.55
2.3284e+07,122.75
2.3284e+07,122.89
2.3284e+07,123.01
2.3284e+07,123.18
2.3284e+07,123.45
2.3284e+07,114.09
2.3284e+07,104.7
2.3284e+07,101.09
2.3284e+07,98.968
2.3284e+07,97.953
2.3284e+07,97.182
2.3284e+07,96.59
2.3284e+07,96.06
2.3284e+07,95.81
2.3284e+07,95.467
2.3284e+07,95.2
2.3284e+07,94.773
2.3284e+07,94.57
2.3284e+07,94.398
2.3284e+07,94.072
2.3284e+07,93.987
2.3284e+07,93.687
2.3284e+07,93.575
2.3284e+07,29.665
2.3284e+07,6.3817
2.3284e+07,6.0983
2.3284e+07,6.0933
2.3284e+07,6.1117
2.3284e+07,6.7167
2.3284e+07,6.11
2.3284e+07,6.1383
2.3284e+07,6.1117
2.3284e+07,6.1483
2.3284e+07,6.1567
2.3284e+07,6.0783
2.3284e+07,6.1083
2.3284e+07,6.105
2.3284e+07,5.6483
2.3284e+07,5.585
2.3284e+07,6.6133
2.3284e+07,7.8467
2.3284e+07,70.323
2.3284e+07,109.23
2.3284e+07,131.07
2.3284e+07,123.81
2.3284e+07,122.08
2.3284e+07,123.22
2.3284e+07,117.98
2.3284e+07,124.15
2.3284e+07,124.59
2.3284e+07,124.73
2.3284e+07,117.81
2.3284e+07,116.88
2.3284e+07,121.27
2.3284e+07,120.33
2.3284e+07,125.09
2.3284e+07,125.61
2.3284e+07,125.63
2.3284e+07,125.37
2.3284e+07,125.38
2.3284e+07,119.48
2.3284e+07,124.28
2.3284e+07,125.61
2.3284e+07,125.49
2.3284e+07,125.32
2.3284e+07,125.18
2.3284e+07,125.21
2.3284e+07,125.27
2.3284e+07,125.27
2.3284e+07,125.25
2.3284e+07,125.32
2.3284e+07,124.58
2.3284e+07,112.2
2.3284e+07,105.8
2.3284e+07,102.74
2.3284e+07,101.01
2.3284e+07,99.963
2.3284e+07,99.293
2.3284e+07,98.71
2.3284e+07,98.403
2.3284e+07,97.805
2.3284e+07,97.535
2.3284e+07,97.2
2.3284e+07,96.82
2.3284e+07,96.682
2.3284e+07,96.53
2.3284e+07,96.227
2.3284e+07,95.937
2.3284e+07,95.687
2.3284e+07,95.637
2.3284e+07,50.762
2.3284e+07,6.46
2.3284e+07,6.1267
2.3284e+07,5.96
2.3284e+07,5.8267
2.3284e+07,6.5717
2.3284e+07,5.9167
2.3284e+07,5.8433
2.3284e+07,5.6867
2.3284e+07,5.7167
2.3284e+07,5.7267
2.3284e+07,5.9683
2.3284e+07,5.9733
2.3284e+07,6.0317
2.3284e+07,6.0067
2.3284e+07,6.1433
2.3284e+07,6.1083
2.3284e+07,6.0483
2.3284e+07,53.597
2.3284e+07,104.15
2.3284e+07,129.85
2.3284e+07,125.93
2.3284e+07,120.27
2.3284e+07,121.27
2.3284e+07,121.93
2.3284e+07,122.24
2.3284e+07,122.4
2.3284e+07,122.66
2.3284e+07,122.87
2.3284e+07,123.01
2.3284e+07,123.21
2.3284e+07,123.38
2.3284e+07,123.5
2.3284e+07,113.08
2.3284e+07,104.93
2.3284e+07,101.37
2.3284e+07,99.493
2.3284e+07,98.358
2.3284e+07,97.545
2.3284e+07,97.175
2.3284e+07,97.542
2.3284e+07,97.198
2.3284e+07,96.255
2.3284e+07,95.47
2.3284e+07,95.16
2.3284e+07,95.022
2.3284e+07,94.818
2.3284e+07,94.645
2.3284e+07,94.383
2.3284e+07,94.257
2.3284e+07,93.94
2.3284e+07,93.855
2.3284e+07,18.457
2.3284e+07,6.6067
2.3284e+07,6.3417
2.3284e+07,6.265
2.3284e+07,6.305
2.3284e+07,6.8433
2.3284e+07,6.1833
2.3284e+07,6.245
2.3284e+07,6.7767
2.3284e+07,6.8767
2.3284e+07,6.335
2.3284e+07,5.97
2.3284e+07,6.0517
2.3284e+07,6
2.3284e+07,6.2767
2.3284e+07,6.3
2.3284e+07,6.2667
2.3284e+07,6.3233
2.3284e+07,51.94
2.3284e+07,103.15
2.3284e+07,128.67
2.3284e+07,124.42
2.3284e+07,118.88
2.3284e+07,120.65
2.3284e+07,121.28
2.3284e+07,121.72
2.3284e+07,121.97
2.3284e+07,122.48
2.3284e+07,123.27
2.3284e+07,123.48
2.3284e+07,122.83
2.3284e+07,122.75
2.3284e+07,117.67
2.3284e+07,106.47
2.3284e+07,101.98
2.3284e+07,99.76
2.3284e+07,98.597
2.3284e+07,97.51
2.3284e+07,97.042
2.3284e+07,96.623
2.3284e+07,96.208
2.3284e+07,95.817
2.3284e+07,95.422
2.3284e+07,95.218
2.3284e+07,94.973
2.3284e+07,94.497
2.3284e+07,94.332
2.3284e+07,94.09
2.3284e+07,93.9
2.3284e+07,93.803
2.3284e+07,93.53
2.3284e+07,19.638
2.3284e+07,6.3967
2.3284e+07,6.0517
2.3284e+07,6.105
2.3284e+07,6.0833
2.3284e+07,6.7233
2.3284e+07,6.105
2.3284e+07,6.0333
2.3284e+07,6.1183
2.3284e+07,5.8617
2.3284e+07,5.79
2.3284e+07,5.7433
2.3284e+07,5.855
2.3284e+07,5.83
2.3284e+07,5.7917
2.3284e+07,5.7617
2.3284e+07,5.9817
2.3284e+07,6.06
2.3284e+07,47.845
2.3284e+07,101.47
2.3284e+07,127.18
2.3284e+07,123.37
2.3284e+07,117.91
2.3284e+07,119.79
2.3284e+07,120.53
2.3284e+07,120.94
2.3284e+07,121.32
2.3284e+07,121.61
2.3284e+07,121.85
2.3284e+07,121.9
2.3284e+07,122.08
2.3284e+07,119.99
2.3284e+07,106.66
2.3284e+07,102.38
2.3284e+07,100.5
2.3284e+07,99.45
2.3284e+07,98.64
2.3284e+07,98.153
2.3284e+07,97.763
2.3284e+07,97.26
2.3284e+07,91.478
2.3284e+07,92.693
2.3284e+07,94.583
2.3284e+07,91.088
2.3284e+07,91.125
2.3284e+07,93.252
2.3284e+07,93.938
2.3284e+07,94.13
2.3284e+07,94.383
2.3284e+07,94.352
2.3284e+07,94.343
2.3284e+07,44.592
2.3284e+07,7.9333
2.3284e+07,7.5167
2.3284e+07,7.4383
2.3284e+07,7.48
2.3284e+07,8.0483
2.3284e+07,7.5283
2.3284e+07,7.545
2.3284e+07,7.5
2.3284e+07,7.4233
2.3284e+07,7.4783
2.3284e+07,7.4683
2.3284e+07,7.4317
2.3284e+07,7.295
2.3284e+07,340.23
2.3284e+07,262.84
2.3284e+07,261.94
2.3284e+07,261.82
2.3284e+07,308.09
2.3284e+07,353.34
2.3284e+07,377.3
2.3284e+07,372.78
2.3284e+07,361.86
2.3284e+07,459.09
2.3284e+07,371.01
2.3284e+07,370.57
2.3284e+07,362.65
2.3284e+07,459.96
2.3284e+07,370.98
2.3284e+07,363.47
2.3284e+07,460.37
2.3284e+07,366.11
2.3284e+07,360.92
2.3284e+07,354.06
2.3284e+07,341.81
2.3284e+07,107
2.3284e+07,104.24
2.3284e+07,102.98
2.3284e+07,102.27
2.3284e+07,99.373
2.3284e+07,97.622
2.3284e+07,97.308
2.3284e+07,96.902
2.3284e+07,95.71
2.3284e+07,94.81
2.3284e+07,94.743
2.3284e+07,94.467
2.3284e+07,94.333
2.3284e+07,94.187
2.3284e+07,93.878
2.3284e+07,93.762
2.3284e+07,56.093
2.3284e+07,6.3417
2.3284e+07,6.1567
2.3284e+07,6.1283
2.3284e+07,6.1867
2.3284e+07,6.7183
2.3284e+07,6.135
2.3284e+07,6.145
2.3284e+07,6.1767
2.3284e+07,6.1533
2.3284e+07,6.165
2.3284e+07,6.145
2.3284e+07,6.1033
2.3284e+07,6.13
2.3284e+07,6.1733
2.3284e+07,6.1833
2.3284e+07,6.235
2.3284e+07,5.9417
2.3284e+07,5.905
2.3284e+07,5.9283
2.3284e+07,5.9167
2.3284e+07,5.905
2.3284e+07,5.9
2.3284e+07,5.9367
2.3284e+07,5.6517
2.3284e+07,5.7183
2.3284e+07,5.7017
2.3284e+07,5.6017
2.3284e+07,306.2
2.3284e+07,381.82
2.3284e+07,381.48
2.3284e+07,380.87
2.3284e+07,380.28
2.3284e+07,380.14
2.3284e+07,379.83
2.3284e+07,379.87
2.3284e+07,379.65
2.3284e+07,379.35
2.3284e+07,378.71
2.3284e+07,379.27
2.3284e+07,254.04
2.3284e+07,232.32
2.3284e+07,232.41
2.3284e+07,232.52
2.3284e+07,232.31
2.3284e+07,232.32
2.3284e+07,232.16
2.3284e+07,232.1
2.3284e+07,109.6
2.3284e+07,4.32
2.3284e+07,5.635
2.3284e+07,8.785
2.3284e+07,9.1767
2.3284e+07,9.565
2.3284e+07,6.3
2.3284e+07,9.5417
2.3284e+07,9.465
2.3284e+07,5.8067
2.3284e+07,5.7983
2.3284e+07,115.01
2.3284e+07,130.06
2.3284e+07,145.97
2.3284e+07,149.4
2.3284e+07,147.63
2.3284e+07,142.65
2.3284e+07,149.31
2.3284e+07,149.97
2.3284e+07,149.19
2.3284e+07,148.17
2.3284e+07,147.32
2.3284e+07,146.59
2.3284e+07,145.89
2.3284e+07,145.15
2.3284e+07,144.47
2.3284e+07,143.75
2.3284e+07,143.09
2.3284e+07,142.61
2.3284e+07,142.1
2.3284e+07,141.47
2.3284e+07,141.04
2.3284e+07,140.55
2.3284e+07,140.02
2.3284e+07,139.6
2.3284e+07,139.24
2.3284e+07,138.81
2.3284e+07,138.45
2.3284e+07,138.13
2.3284e+07,136.98
2.3284e+07,137.36
2.3284e+07,137.09
2.3284e+07,136.72
2.3284e+07,136.34
2.3284e+07,135.82
2.3284e+07,135.5
2.3284e+07,135.23
2.3284e+07,135.11
2.3284e+07,134.92
2.3284e+07,125.98
2.3284e+07,116.96
2.3284e+07,113.18
2.3284e+07,111.24
2.3284e+07,109.97
2.3284e+07,109.07
2.3284e+07,108.28
2.3284e+07,107.68
2.3284e+07,107.1
2.3284e+07,106.57
2.3284e+07,106.28
2.3284e+07,105.76
2.3284e+07,105.5
2.3284e+07,105.08
2.3284e+07,104.73
2.3284e+07,104.33
2.3284e+07,104.07
2.3284e+07,103.78
2.3284e+07,103.4
2.3284e+07,103.24
2.3284e+07,102.88
2.3284e+07,102.37
2.3284e+07,100.94
2.3284e+07,100.69
2.3284e+07,100.48
2.3284e+07,100.29
2.3284e+07,99.838
2.3284e+07,99.738
2.3284e+07,99.513
2.3284e+07,99.288
2.3284e+07,99.125
2.3284e+07,98.902
2.3284e+07,98.735
2.3284e+07,98.53
2.3284e+07,98.43
2.3284e+07,98.417
2.3284e+07,97.988
2.3284e+07,23.168
2.3284e+07,6.365
2.3284e+07,6.1033
2.3284e+07,6.0583
2.3284e+07,6.065
2.3284e+07,6.6667
2.3284e+07,6.1317
2.3284e+07,6.0567
2.3284e+07,6.045
2.3284e+07,6.02
2.3284e+07,6.1067
2.3284e+07,6.0817
2.3284e+07,6.03
2.3284e+07,5.9433
2.3284e+07,6.05
2.3284e+07,56.508
2.3284e+07,108.43
2.3284e+07,134
2.3284e+07,127.18
2.3284e+07,122.3
2.3284e+07,124.57
2.3284e+07,125.25
2.3284e+07,125.65
2.3284e+07,125.88
2.3284e+07,126.17
2.3284e+07,126.31
2.3284e+07,126.36
2.3284e+07,126.6
2.3284e+07,126.77
2.3284e+07,126.83
2.3284e+07,126.94
2.3284e+07,126.96
2.3284e+07,127.14
2.3284e+07,127.36
2.3284e+07,118.29
2.3284e+07,108.9
2.3284e+07,105.15
2.3284e+07,103.14
2.3284e+07,102.1
2.3284e+07,101.29
2.3284e+07,100.72
2.3284e+07,100.21
2.3284e+07,99.84
2.3284e+07,99.243
2.3284e+07,98.973
2.3284e+07,95.68
2.3284e+07,89.507
2.3284e+07,90.425
2.3284e+07,94.263
2.3284e+07,96.407
2.3284e+07,97.158
2.3284e+07,97.495
2.3284e+07,97.502
2.3284e+07,98.203
2.3284e+07,93.557
2.3284e+07,96.2
2.3284e+07,81.665
2.3284e+07,7.7467
2.3284e+07,7.3883
2.3284e+07,7.3933
2.3284e+07,7.4433
2.3284e+07,8.0667
2.3284e+07,7.475
2.3284e+07,7.44
2.3284e+07,7.445
2.3284e+07,7.4867
2.3284e+07,7.4433
2.3284e+07,7.5267
2.3284e+07,7.5833
2.3284e+07,7.5567
2.3284e+07,7.6117
2.3284e+07,7.64
2.3284e+07,43.458
2.3284e+07,106.04
2.3284e+07,132.32
2.3284e+07,131.32
2.3284e+07,125.04
2.3284e+07,126.73
2.3284e+07,127.3
2.3284e+07,127.48
2.3284e+07,127.69
2.3284e+07,127.6
2.3284e+07,127.63
2.3284e+07,127.79
2.3284e+07,127.66
2.3284e+07,126.39
2.3284e+07,126.61
2.3284e+07,126.62
2.3284e+07,126.64
2.3284e+07,126.69
2.3284e+07,122.89
2.3284e+07,111.26
2.3284e+07,105.82
2.3284e+07,103.12
2.3284e+07,101.57
2.3284e+07,100.73
2.3284e+07,99.702
2.3284e+07,99.325
2.3284e+07,98.965
2.3284e+07,98.563
2.3284e+07,98.218
2.3284e+07,97.833
2.3284e+07,97.53
2.3284e+07,97.132
2.3284e+07,97.092
2.3284e+07,96.737
2.3284e+07,96.615
2.3284e+07,96.377
2.3284e+07,96.305
2.3284e+07,22.227
2.3284e+07,8.515
2.3284e+07,49.195
2.3284e+07,123.18
2.3284e+07,123.47
2.3284e+07,123.78
2.3284e+07,123.98
2.3284e+07,124.11
2.3284e+07,124.29
2.3284e+07,124.42
2.3284e+07,119.7
2.3284e+07,108.48
2.3284e+07,103.96
2.3284e+07,101.55
2.3284e+07,99.985
2.3284e+07,99.22
2.3284e+07,98.672
2.3284e+07,98.283
2.3284e+07,97.892
2.3284e+07,97.502
2.3284e+07,97.163
2.3284e+07,97.082
2.3284e+07,96.722
2.3284e+07,96.297
2.3284e+07,95.887
2.3284e+07,95.795
2.3284e+07,95.577
2.3284e+07,28.275
2.3284e+07,6.415
2.3284e+07,6.0683
2.3284e+07,5.9533
2.3284e+07,5.9083
2.3284e+07,6.7567
2.3284e+07,6.2333
2.3284e+07,6.1333
2.3284e+07,6.19
2.3284e+07,6.0833
2.3284e+07,6.1067
2.3284e+07,6.1233
2.3284e+07,6.1233
2.3284e+07,6.18
2.3284e+07,6.195
2.3284e+07,6.2317
2.3284e+07,20.233
2.3284e+07,107.91
2.3284e+07,121.66
2.3284e+07,125.6
2.3284e+07,119.44
2.3284e+07,120.88
2.3284e+07,121.95
2.3284e+07,122.68
2.3284e+07,123.13
2.3284e+07,123.35
2.3284e+07,123.48
2.3284e+07,124.13
2.3284e+07,124.17
2.3284e+07,124.26
2.3284e+07,121.1
2.3284e+07,109.64
2.3284e+07,105.08
2.3284e+07,102.28
2.3284e+07,100.86
2.3284e+07,99.895
2.3284e+07,99.417
2.3284e+07,98.885
2.3284e+07,98.355
2.3284e+07,97.735
2.3284e+07,97.438
2.3284e+07,97.008
2.3284e+07,96.553
2.3284e+07,96.567
2.3284e+07,96.438
2.3284e+07,96.05
2.3284e+07,95.957
2.3284e+07,22.745
2.3284e+07,7.7367
2.3284e+07,7.44
2.3284e+07,6.72
2.3284e+07,6.1
2.3284e+07,6.645
2.3284e+07,5.8533
2.3285e+07,5.8783
2.3285e+07,5.8617
2.3285e+07,5.865
2.3285e+07,5.8583
2.3285e+07,5.8783
2.3285e+07,5.91
2.3285e+07,6.0433
2.3285e+07,5.9467
2.3285e+07,5.9617
2.3285e+07,30.767
2.3285e+07,104.6
2.3285e+07,127.43
2.3285e+07,125.86
2.3285e+07,119.28
2.3285e+07,121.15
2.3285e+07,122.19
2.3285e+07,122.8
2.3285e+07,123.18
2.3285e+07,123.5
2.3285e+07,123.79
2.3285e+07,124.01
2.3285e+07,124.14
2.3285e+07,121.4
2.3285e+07,109.35
2.3285e+07,101.94
2.3285e+07,100.6
2.3285e+07,99.778
2.3285e+07,99.237
2.3285e+07,98.795
2.3285e+07,98.797
2.3285e+07,98.377
2.3285e+07,97.893
2.3285e+07,97.683
2.3285e+07,97.408
2.3285e+07,97.098
2.3285e+07,97.007
2.3285e+07,96.75
2.3285e+07,96.407
2.3285e+07,96.362
2.3285e+07,23.837
2.3285e+07,7.9483
2.3285e+07,7.57
2.3285e+07,6.715
2.3285e+07,6.2283
2.3285e+07,6.785
2.3285e+07,4.6417
2.3285e+07,5.9283
2.3285e+07,6.1233
2.3285e+07,6.0817
2.3285e+07,6.0767
2.3285e+07,6.07
2.3285e+07,6.0833
2.3285e+07,6.1267
2.3285e+07,6.1033
2.3285e+07,6.0583
2.3285e+07,6.1067
2.3285e+07,92.92
2.3285e+07,120.34
2.3285e+07,127.53
2.3285e+07,119.82
2.3285e+07,119.18
2.3285e+07,121.06
2.3285e+07,121.96
2.3285e+07,122.52
2.3285e+07,122.9
2.3285e+07,123.26
2.3285e+07,123.53
2.3285e+07,123.72
2.3285e+07,120.13
2.3285e+07,108.69
2.3285e+07,104.36
2.3285e+07,101.98
2.3285e+07,100.57
2.3285e+07,99.762
2.3285e+07,98.943
2.3285e+07,98.65
2.3285e+07,98.123
2.3285e+07,97.888
2.3285e+07,97.587
2.3285e+07,97.243
2.3285e+07,96.993
2.3285e+07,96.94
2.3285e+07,96.498
2.3285e+07,96.237
2.3285e+07,96.052
2.3285e+07,9.895
2.3285e+07,7.4717
2.3285e+07,7.4517
2.3285e+07,6.54
2.3285e+07,6.5033
2.3285e+07,6.7117
2.3285e+07,6.7133
2.3285e+07,6.7117
2.3285e+07,6.055
2.3285e+07,6.0667
2.3285e+07,6.1067
2.3285e+07,6.035
2.3285e+07,6.1217
2.3285e+07,6.12
2.3285e+07,6.12
2.3285e+07,6.1183
2.3285e+07,6.1083
2.3285e+07,5.935
2.3285e+07,8.945
2.3285e+07,110.25
2.3285e+07,119.96
2.3285e+07,125.07
2.3285e+07,117.59
2.3285e+07,118.75
2.3285e+07,120.26
2.3285e+07,120.98
2.3285e+07,121.45
2.3285e+07,121.8
2.3285e+07,122.1
2.3285e+07,122.18
2.3285e+07,122.46
2.3285e+07,116.11
2.3285e+07,106.07
2.3285e+07,102.03
2.3285e+07,100.02
2.3285e+07,98.658
2.3285e+07,98.038
2.3285e+07,97.393
2.3285e+07,97.075
2.3285e+07,96.555
2.3285e+07,96.247
2.3285e+07,95.91
2.3285e+07,95.593
2.3285e+07,95.152
2.3285e+07,95.158
2.3285e+07,94.767
2.3285e+07,94.552
2.3285e+07,94.268
2.3285e+07,94.043
2.3285e+07,93.847
2.3285e+07,21.805
2.3285e+07,6.455
2.3285e+07,6.0233
2.3285e+07,6.0467
2.3285e+07,6.0617
2.3285e+07,6.63
2.3285e+07,6.1
2.3285e+07,6.0983
2.3285e+07,6.1217
2.3285e+07,6.0767
2.3285e+07,6.1067
2.3285e+07,6.235
2.3285e+07,6.275
2.3285e+07,6.2533
2.3285e+07,6.2833
2.3285e+07,6.3233
2.3285e+07,9.2517
2.3285e+07,7.7217
2.3285e+07,7.6867
2.3285e+07,7.71
2.3285e+07,7.6667
2.3285e+07,7.6567
2.3285e+07,7.65
2.3285e+07,10.155
2.3285e+07,112.75
2.3285e+07,122.4
2.3285e+07,126.91
2.3285e+07,119.4
2.3285e+07,120.27
2.3285e+07,121.63
2.3285e+07,122.29
2.3285e+07,122.76
2.3285e+07,123.13
2.3285e+07,123.43
2.3285e+07,123.72
2.3285e+07,123.86
2.3285e+07,123.66
2.3285e+07,112.4
2.3285e+07,105.84
2.3285e+07,102.69
2.3285e+07,100.96
2.3285e+07,100.09
2.3285e+07,99.363
2.3285e+07,98.792
2.3285e+07,98.497
2.3285e+07,98.085
2.3285e+07,97.748
2.3285e+07,96.782
2.3285e+07,95.752
2.3285e+07,95.448
2.3285e+07,95.302
2.3285e+07,95.058
2.3285e+07,94.817
2.3285e+07,94.668
2.3285e+07,94.375
2.3285e+07,94.29
2.3285e+07,57.262
2.3285e+07,6.28
2.3285e+07,6.085
2.3285e+07,6.11
2.3285e+07,6.1067
2.3285e+07,6.6467
2.3285e+07,6.1117
2.3285e+07,6.11
2.3285e+07,6.145
2.3285e+07,6.1267
2.3285e+07,6.1083
2.3285e+07,6.1117
2.3285e+07,6.075
2.3285e+07,5.9667
2.3285e+07,5.8617
2.3285e+07,5.85
2.3285e+07,5.8483
2.3285e+07,5.8833
2.3285e+07,5.9267
2.3285e+07,5.8817
2.3285e+07,5.9483
2.3285e+07,5.9567
2.3285e+07,5.9983
2.3285e+07,14.393
2.3285e+07,110.09
2.3285e+07,122.7
2.3285e+07,125.79
2.3285e+07,118.11
2.3285e+07,119.38
2.3285e+07,120.52
2.3285e+07,121.06
2.3285e+07,121.63
2.3285e+07,122.02
2.3285e+07,122.1
2.3285e+07,122.25
2.3285e+07,122.44
2.3285e+07,122.59
2.3285e+07,111.77
2.3285e+07,103.87
2.3285e+07,96.118
2.3285e+07,98.603
2.3285e+07,98.623
2.3285e+07,95.805
2.3285e+07,96.942
2.3285e+07,95.287
2.3285e+07,95.507
2.3285e+07,96.493
2.3285e+07,96.46
2.3285e+07,96.502
2.3285e+07,96.342
2.3285e+07,96.092
2.3285e+07,96.053
2.3285e+07,95.633
2.3285e+07,95.273
2.3285e+07,95.098
2.3285e+07,95.15
2.3285e+07,94.877
2.3285e+07,21.265
2.3285e+07,7.5083
2.3285e+07,7.4417
2.3285e+07,7.4733
2.3285e+07,7.48
2.3285e+07,8.075
2.3285e+07,7.4917
2.3285e+07,7.5033
2.3285e+07,7.4683
2.3285e+07,7.4417
2.3285e+07,7.4883
2.3285e+07,7.495
2.3285e+07,7.5367
2.3285e+07,7.5333
2.3285e+07,7.5617
2.3285e+07,7.5033
2.3285e+07,7.5133
2.3285e+07,7.5067
2.3285e+07,7.88
2.3285e+07,7.48
2.3285e+07,7.515
2.3285e+07,74.853
2.3285e+07,157.79
2.3285e+07,157.63
2.3285e+07,157.27
2.3285e+07,157
2.3285e+07,156.61
2.3285e+07,156.64
2.3285e+07,156.42
2.3285e+07,156.34
2.3285e+07,156.38
2.3285e+07,156.42
2.3285e+07,156.26
2.3285e+07,82.558
2.3285e+07,5.8167
2.3285e+07,5.8383
2.3285e+07,5.8217
2.3285e+07,5.835
2.3285e+07,5.82
2.3285e+07,5.775
2.3285e+07,5.79
2.3285e+07,5.7717
2.3285e+07,5.7717
2.3285e+07,69.387
2.3285e+07,109.8
2.3285e+07,113.95
2.3285e+07,100.95
2.3285e+07,96.692
2.3285e+07,103.96
2.3285e+07,118.03
2.3285e+07,121.25
2.3285e+07,123.45
2.3285e+07,124.69
2.3285e+07,125.42
2.3285e+07,125.81
2.3285e+07,125.88
2.3285e+07,126.05
2.3285e+07,126.16
2.3285e+07,126.08
2.3285e+07,126.19
2.3285e+07,126.21
2.3285e+07,126.27
2.3285e+07,126.14
2.3285e+07,126.12
2.3285e+07,126.16
2.3285e+07,126.18
2.3285e+07,126.08
2.3285e+07,126.07
2.3285e+07,125.8
2.3285e+07,125.79
2.3285e+07,125.66
2.3285e+07,125.48
2.3285e+07,123.28
2.3285e+07,111.03
2.3285e+07,105.02
2.3285e+07,102.2
2.3285e+07,100.65
2.3285e+07,99.678
2.3285e+07,99.005
2.3285e+07,98.532
2.3285e+07,97.818
2.3285e+07,97.79
2.3285e+07,97.518
2.3285e+07,97.282
2.3285e+07,96.877
2.3285e+07,96.565
2.3285e+07,96.342
2.3285e+07,96.19
2.3285e+07,95.953
2.3285e+07,95.57
2.3285e+07,95.437
2.3285e+07,95.27
2.3285e+07,95.037
2.3285e+07,94.962
2.3285e+07,54.078
2.3285e+07,6.21
2.3285e+07,5.8917
2.3285e+07,5.8733
2.3285e+07,5.8383
2.3285e+07,6.5733
2.3285e+07,6.13
2.3285e+07,6.1633
2.3285e+07,6.1233
2.3285e+07,6.175
2.3285e+07,6.1483
2.3285e+07,6.16
2.3285e+07,6.1083
2.3285e+07,6.1217
2.3285e+07,6.1433
2.3285e+07,6.1167
2.3285e+07,6.1017
2.3285e+07,6.1033
2.3285e+07,6.1117
2.3285e+07,5.925
2.3285e+07,5.9017
2.3285e+07,5.8467
2.3285e+07,5.8367
2.3285e+07,81.278
2.3285e+07,112.82
2.3285e+07,128.7
2.3285e+07,120.54
2.3285e+07,119.12
2.3285e+07,121.25
2.3285e+07,121.97
2.3285e+07,122.47
2.3285e+07,123.08
2.3285e+07,123.14
2.3285e+07,123.35
2.3285e+07,123.53
2.3285e+07,123.67
2.3285e+07,123.77
2.3285e+07,123.87
2.3285e+07,123.72
2.3285e+07,112.42
2.3285e+07,105.45
2.3285e+07,102.25
2.3285e+07,100.52
2.3285e+07,99.543
2.3285e+07,98.485
2.3285e+07,97.818
2.3285e+07,97.487
2.3285e+07,97.153
2.3285e+07,96.837
2.3285e+07,96.573
2.3285e+07,96.403
2.3285e+07,96.333
2.3285e+07,96.1
2.3285e+07,96.107
2.3285e+07,95.9
2.3285e+07,95.618
2.3285e+07,95.35
2.3285e+07,95.213
2.3285e+07,95.015
2.3285e+07,94.917
2.3285e+07,43.13
2.3285e+07,6.53
2.3285e+07,6.3367
2.3285e+07,11.13
2.3285e+07,7.7417
2.3285e+07,8.2417
2.3285e+07,7.6633
2.3285e+07,7.6633
2.3285e+07,7.755
2.3285e+07,7.7317
2.3285e+07,7.7667
2.3285e+07,7.7283
2.3285e+07,7.735
2.3285e+07,7.7367
2.3285e+07,7.695
2.3285e+07,7.7367
2.3285e+07,7.7233
2.3285e+07,7.68
2.3285e+07,7.8283
2.3285e+07,7.7217
2.3285e+07,7.7533
2.3285e+07,7.765
2.3285e+07,7.7883
2.3285e+07,45.38
2.3285e+07,129.99
2.3285e+07,125.62
2.3285e+07,119.97
2.3285e+07,122.04
2.3285e+07,122.88
2.3285e+07,123.45
2.3285e+07,123.94
2.3285e+07,124.3
2.3285e+07,124.4
2.3285e+07,123.22
2.3285e+07,123.34
2.3285e+07,123.45
2.3285e+07,123.58
2.3285e+07,117.92
2.3285e+07,108.05
2.3285e+07,103.79
2.3285e+07,100.88
2.3285e+07,98.797
2.3285e+07,98.795
2.3285e+07,97.943
2.3285e+07,97.408
2.3285e+07,97.112
2.3285e+07,96.84
2.3285e+07,96.273
2.3285e+07,96.112
2.3285e+07,95.913
2.3285e+07,95.588
2.3285e+07,95.737
2.3285e+07,95.393
2.3285e+07,95.14
2.3285e+07,61.112
2.3285e+07,6.31
2.3285e+07,6.165
2.3285e+07,6.1083
2.3285e+07,6.1
2.3285e+07,6.1167
2.3285e+07,6.755
2.3285e+07,6.1433
2.3285e+07,6.1483
2.3285e+07,6.0967
2.3285e+07,6.13
2.3285e+07,6.2067
2.3285e+07,6.225
2.3285e+07,6.1283
2.3285e+07,6.15
2.3285e+07,6.1633
2.3285e+07,6.11
2.3285e+07,6.2
2.3285e+07,67.607
2.3285e+07,107.55
2.3285e+07,128.02
2.3285e+07,120.37
2.3285e+07,117.33
2.3285e+07,119.86
2.3285e+07,120.7
2.3285e+07,121.29
2.3285e+07,121.68
2.3285e+07,122.38
2.3285e+07,118.65
2.3285e+07,124.5
2.3285e+07,121.28
2.3285e+07,124.14
2.3285e+07,125.55
2.3285e+07,125.46
2.3285e+07,125.15
2.3285e+07,125.2
2.3285e+07,114.98
2.3285e+07,107.05
2.3285e+07,103.66
2.3285e+07,102
2.3285e+07,100.72
2.3285e+07,99.828
2.3285e+07,99.39
2.3285e+07,99.01
2.3285e+07,98.598
2.3285e+07,98.233
2.3285e+07,98.007
2.3285e+07,97.332
2.3285e+07,97.142
2.3285e+07,96.898
2.3285e+07,96.677
2.3285e+07,96.497
2.3285e+07,35.462
2.3285e+07,7.6017
2.3285e+07,7.5333
2.3285e+07,7.5267
2.3285e+07,7.6067
2.3285e+07,8.1683
2.3285e+07,7.545
2.3285e+07,7.5533
2.3285e+07,7.565
2.3285e+07,12.363
2.3285e+07,7.575
2.3285e+07,7.5483
2.3285e+07,7.5667
2.3285e+07,7.5133
2.3285e+07,7.53
2.3285e+07,7.5467
2.3285e+07,7.5383
2.3285e+07,80.673
2.3285e+07,112.74
2.3285e+07,129.75
2.3285e+07,121.76
2.3285e+07,119.71
2.3285e+07,121.87
2.3285e+07,122.62
2.3285e+07,123.16
2.3285e+07,123.34
2.3285e+07,123.71
2.3285e+07,124.03
2.3285e+07,124.09
2.3285e+07,124.5
2.3285e+07,115.62
2.3285e+07,107.03
2.3285e+07,103.38
2.3285e+07,101.53
2.3285e+07,100.37
2.3285e+07,99.727
2.3285e+07,99.093
2.3285e+07,98.787
2.3285e+07,98.3
2.3285e+07,97.952
2.3285e+07,97.518
2.3285e+07,96.185
2.3285e+07,95.748
